SET DB_CLOSE_DELAY -1;
;
CREATE USER IF NOT EXISTS TICKETLINE
  SALT 'fc32d43cc3388eef' HASH '09d4e0027948bc212bebc0614dfa080a23635ee005b7b9205124585b2c5d58fc' ADMIN;
CREATE SEQUENCE PUBLIC.SYSTEM_SEQUENCE_0FA3FC36_DAD7_4D24_912B_6F66A10E3FBF
  START WITH 97 BELONGS_TO_TABLE;
CREATE SEQUENCE PUBLIC.SEQ_RESERVATION_ID
  START WITH 3201
  INCREMENT BY 50;
CREATE SEQUENCE PUBLIC.SEQ_PERFORMANCE_ID
  START WITH 1601
  INCREMENT BY 50;
CREATE SEQUENCE PUBLIC.SEQ_ARTIST_ID
  START WITH 1601
  INCREMENT BY 50;
CREATE SEQUENCE PUBLIC.SEQ_HALL_ID
  START WITH 1
  INCREMENT BY 50;
CREATE SEQUENCE PUBLIC.SEQ_SECTOR_ID
  START WITH 1601
  INCREMENT BY 50;
CREATE SEQUENCE PUBLIC.SEQ_SEAT_ID
  START WITH 1601
  INCREMENT BY 50;
CREATE SEQUENCE PUBLIC.SEQ_EVENT_ID
  START WITH 1601
  INCREMENT BY 50;
CREATE SEQUENCE PUBLIC.SEQ_NEWS_ID
  START WITH 1601
  INCREMENT BY 50;
CREATE SEQUENCE PUBLIC.SEQ_SECTOR_CATEGORY_ID
  START WITH 1601
  INCREMENT BY 50;
CREATE SEQUENCE PUBLIC.SEQ_CUSTOMER_ID
  START WITH 1601
  INCREMENT BY 50;
CREATE SEQUENCE PUBLIC.SYSTEM_SEQUENCE_C5F19B77_DB09_4A95_842E_FD55701DA3A8
  START WITH 97 BELONGS_TO_TABLE;
CREATE CACHED TABLE PUBLIC.USERS (
  ID       LONG DEFAULT (NEXT VALUE FOR PUBLIC.SYSTEM_SEQUENCE_C5F19B77_DB09_4A95_842E_FD55701DA3A8) NOT NULL
  NULL_TO_DEFAULT
  SEQUENCE PUBLIC.SYSTEM_SEQUENCE_C5F19B77_DB09_4A95_842E_FD55701DA3A8,
  USERNAME VARCHAR(64)                                                                               NOT NULL,
  PASSWORD VARCHAR(60)                                                                               NOT NULL,
  ENABLED  BOOLEAN DEFAULT TRUE,
  STRIKES  INTEGER DEFAULT 0
);
ALTER TABLE PUBLIC.USERS
  ADD CONSTRAINT PUBLIC.CONSTRAINT_4 PRIMARY KEY (ID);
-- 54 +/- SELECT COUNT(*) FROM PUBLIC.USERS;
INSERT INTO PUBLIC.USERS (ID, USERNAME, PASSWORD, ENABLED, STRIKES) VALUES
  (1, 'user', '$2a$10$hXJx1IBhxH2fcTa/NR2ZMetAKy.4w3SoWeJm7FiEjK6XjOOtyRQmO', TRUE, 0),
  (2, 'admin', '$2a$10$hXJx1IBhxH2fcTa/NR2ZMetAKy.4w3SoWeJm7FiEjK6XjOOtyRQmO', TRUE, 0),
  (3, 'hgruntz', '$2a$10$hXJx1IBhxH2fcTa/NR2ZMetAKy.4w3SoWeJm7FiEjK6XjOOtyRQmO', FALSE, 0),
  (4, 'uzahnweh', '$2a$10$hXJx1IBhxH2fcTa/NR2ZMetAKy.4w3SoWeJm7FiEjK6XjOOtyRQmO', TRUE, 0),
  (33, 'test', '$2a$10$iZMUIt.55RRIthu4/ELV0.lRcaE7hZRbimJIUiA9/LXWKyzSvCq5e', TRUE, 0),
  (34, 'donar.an.hindar', '$2a$10$hXJx1IBhxH2fcTa/NR2ZMetAKy.4w3SoWeJm7FiEjK6XjOOtyRQmO', TRUE, 0),
  (35, 'imlerith', '$2a$10$hXJx1IBhxH2fcTa/NR2ZMetAKy.4w3SoWeJm7FiEjK6XjOOtyRQmO', TRUE, 0),
  (36, 'the.bloody.baron', '$2a$10$hXJx1IBhxH2fcTa/NR2ZMetAKy.4w3SoWeJm7FiEjK6XjOOtyRQmO', TRUE, 0),
  (37, 'assire.var.anahid', '$2a$10$hXJx1IBhxH2fcTa/NR2ZMetAKy.4w3SoWeJm7FiEjK6XjOOtyRQmO', TRUE, 0),
  (38, 'bran.an.tuirseach', '$2a$10$hXJx1IBhxH2fcTa/NR2ZMetAKy.4w3SoWeJm7FiEjK6XjOOtyRQmO', TRUE, 0),
  (39, 'yaevinn', '$2a$10$hXJx1IBhxH2fcTa/NR2ZMetAKy.4w3SoWeJm7FiEjK6XjOOtyRQmO', TRUE, 0),
  (40, STRINGDECODE('agla\u00efs'), '$2a$10$hXJx1IBhxH2fcTa/NR2ZMetAKy.4w3SoWeJm7FiEjK6XjOOtyRQmO', TRUE, 0),
  (41, 'johnny', '$2a$10$hXJx1IBhxH2fcTa/NR2ZMetAKy.4w3SoWeJm7FiEjK6XjOOtyRQmO', TRUE, 0),
  (42, 'ciri', '$2a$10$hXJx1IBhxH2fcTa/NR2ZMetAKy.4w3SoWeJm7FiEjK6XjOOtyRQmO', TRUE, 0),
  (43, 'brouver.hoog', '$2a$10$hXJx1IBhxH2fcTa/NR2ZMetAKy.4w3SoWeJm7FiEjK6XjOOtyRQmO', TRUE, 0),
  (44, 'king.foltest', '$2a$10$hXJx1IBhxH2fcTa/NR2ZMetAKy.4w3SoWeJm7FiEjK6XjOOtyRQmO', TRUE, 0),
  (45, 'zoltan.chivay', '$2a$10$hXJx1IBhxH2fcTa/NR2ZMetAKy.4w3SoWeJm7FiEjK6XjOOtyRQmO', TRUE, 0),
  (46, STRINGDECODE('eithn\u00e9'), '$2a$10$hXJx1IBhxH2fcTa/NR2ZMetAKy.4w3SoWeJm7FiEjK6XjOOtyRQmO', TRUE, 0),
  (47, 'yennefer.of.vengerberg', '$2a$10$hXJx1IBhxH2fcTa/NR2ZMetAKy.4w3SoWeJm7FiEjK6XjOOtyRQmO', TRUE, 0),
  (48, 'vattier.de.rideaux', '$2a$10$hXJx1IBhxH2fcTa/NR2ZMetAKy.4w3SoWeJm7FiEjK6XjOOtyRQmO', TRUE, 0),
  (49, 'jenge.frett', '$2a$10$hXJx1IBhxH2fcTa/NR2ZMetAKy.4w3SoWeJm7FiEjK6XjOOtyRQmO', TRUE, 0),
  (50, 'addario.bach', '$2a$10$hXJx1IBhxH2fcTa/NR2ZMetAKy.4w3SoWeJm7FiEjK6XjOOtyRQmO', TRUE, 0),
  (51, 'isengrim', '$2a$10$hXJx1IBhxH2fcTa/NR2ZMetAKy.4w3SoWeJm7FiEjK6XjOOtyRQmO', TRUE, 0),
  (52, 'xarthisius', '$2a$10$hXJx1IBhxH2fcTa/NR2ZMetAKy.4w3SoWeJm7FiEjK6XjOOtyRQmO', TRUE, 0),
  (53, STRINGDECODE('eithn\u00e91'), '$2a$10$hXJx1IBhxH2fcTa/NR2ZMetAKy.4w3SoWeJm7FiEjK6XjOOtyRQmO', TRUE, 0),
  (54, 'ermion', '$2a$10$hXJx1IBhxH2fcTa/NR2ZMetAKy.4w3SoWeJm7FiEjK6XjOOtyRQmO', TRUE, 0),
  (55, 'vattier.de.rideaux2', '$2a$10$hXJx1IBhxH2fcTa/NR2ZMetAKy.4w3SoWeJm7FiEjK6XjOOtyRQmO', TRUE, 0),
  (56, 'jenge.frett3', '$2a$10$hXJx1IBhxH2fcTa/NR2ZMetAKy.4w3SoWeJm7FiEjK6XjOOtyRQmO', TRUE, 0),
  (57, 'dudu.biberveldt', '$2a$10$hXJx1IBhxH2fcTa/NR2ZMetAKy.4w3SoWeJm7FiEjK6XjOOtyRQmO', TRUE, 0),
  (58, 'aelirenn', '$2a$10$hXJx1IBhxH2fcTa/NR2ZMetAKy.4w3SoWeJm7FiEjK6XjOOtyRQmO', TRUE, 0),
  (59, STRINGDECODE('schirr\u00fa'), '$2a$10$hXJx1IBhxH2fcTa/NR2ZMetAKy.4w3SoWeJm7FiEjK6XjOOtyRQmO', TRUE, 0),
  (60, 'dudu.biberveldt4', '$2a$10$hXJx1IBhxH2fcTa/NR2ZMetAKy.4w3SoWeJm7FiEjK6XjOOtyRQmO', TRUE, 0),
  (61, 'milva', '$2a$10$hXJx1IBhxH2fcTa/NR2ZMetAKy.4w3SoWeJm7FiEjK6XjOOtyRQmO', TRUE, 0),
  (62, 'xarthisius5', '$2a$10$hXJx1IBhxH2fcTa/NR2ZMetAKy.4w3SoWeJm7FiEjK6XjOOtyRQmO', TRUE, 0),
  (63, 'keira.metz', '$2a$10$hXJx1IBhxH2fcTa/NR2ZMetAKy.4w3SoWeJm7FiEjK6XjOOtyRQmO', TRUE, 0),
  (64, 'brouver.hoog6', '$2a$10$hXJx1IBhxH2fcTa/NR2ZMetAKy.4w3SoWeJm7FiEjK6XjOOtyRQmO', TRUE, 0),
  (65, 'donar.an.hindar7', '$2a$10$hXJx1IBhxH2fcTa/NR2ZMetAKy.4w3SoWeJm7FiEjK6XjOOtyRQmO', TRUE, 0),
  (66, 'olgierd.von.everec', '$2a$10$hXJx1IBhxH2fcTa/NR2ZMetAKy.4w3SoWeJm7FiEjK6XjOOtyRQmO', TRUE, 0),
  (67, 'whoreson.junior', '$2a$10$hXJx1IBhxH2fcTa/NR2ZMetAKy.4w3SoWeJm7FiEjK6XjOOtyRQmO', TRUE, 0),
  (68, 'caranthir', '$2a$10$hXJx1IBhxH2fcTa/NR2ZMetAKy.4w3SoWeJm7FiEjK6XjOOtyRQmO', TRUE, 0),
  (69, 'zoltan.chivay8', '$2a$10$hXJx1IBhxH2fcTa/NR2ZMetAKy.4w3SoWeJm7FiEjK6XjOOtyRQmO', TRUE, 0),
  (70, 'olgierd.von.everec9', '$2a$10$hXJx1IBhxH2fcTa/NR2ZMetAKy.4w3SoWeJm7FiEjK6XjOOtyRQmO', TRUE, 0);
INSERT INTO PUBLIC.USERS (ID, USERNAME, PASSWORD, ENABLED, STRIKES) VALUES
  (71, 'jenge.frett10', '$2a$10$hXJx1IBhxH2fcTa/NR2ZMetAKy.4w3SoWeJm7FiEjK6XjOOtyRQmO', TRUE, 0),
  (72, 'vattier.de.rideaux11', '$2a$10$hXJx1IBhxH2fcTa/NR2ZMetAKy.4w3SoWeJm7FiEjK6XjOOtyRQmO', TRUE, 0),
  (73, 'vilgefortz', '$2a$10$hXJx1IBhxH2fcTa/NR2ZMetAKy.4w3SoWeJm7FiEjK6XjOOtyRQmO', TRUE, 0),
  (74, 'iorveth', '$2a$10$hXJx1IBhxH2fcTa/NR2ZMetAKy.4w3SoWeJm7FiEjK6XjOOtyRQmO', TRUE, 0),
  (75, 'jan.calveit', '$2a$10$hXJx1IBhxH2fcTa/NR2ZMetAKy.4w3SoWeJm7FiEjK6XjOOtyRQmO', TRUE, 0),
  (76, 'vattier.de.rideaux12', '$2a$10$hXJx1IBhxH2fcTa/NR2ZMetAKy.4w3SoWeJm7FiEjK6XjOOtyRQmO', TRUE, 0),
  (77, 'eredin', '$2a$10$hXJx1IBhxH2fcTa/NR2ZMetAKy.4w3SoWeJm7FiEjK6XjOOtyRQmO', TRUE, 0),
  (78, 'ermion13', '$2a$10$hXJx1IBhxH2fcTa/NR2ZMetAKy.4w3SoWeJm7FiEjK6XjOOtyRQmO', TRUE, 0),
  (79, 'dudu.biberveldt14', '$2a$10$hXJx1IBhxH2fcTa/NR2ZMetAKy.4w3SoWeJm7FiEjK6XjOOtyRQmO', TRUE, 0),
  (80, STRINGDECODE('schirr\u00fa15'), '$2a$10$hXJx1IBhxH2fcTa/NR2ZMetAKy.4w3SoWeJm7FiEjK6XjOOtyRQmO', TRUE, 0),
  (81, 'philippa.eilhart', '$2a$10$hXJx1IBhxH2fcTa/NR2ZMetAKy.4w3SoWeJm7FiEjK6XjOOtyRQmO', TRUE, 0),
  (82, 'aelirenn16', '$2a$10$hXJx1IBhxH2fcTa/NR2ZMetAKy.4w3SoWeJm7FiEjK6XjOOtyRQmO', TRUE, 0);
CREATE CACHED TABLE PUBLIC.AUTHORITIES (
  ID        LONG DEFAULT (NEXT VALUE FOR PUBLIC.SYSTEM_SEQUENCE_0FA3FC36_DAD7_4D24_912B_6F66A10E3FBF) NOT NULL
  NULL_TO_DEFAULT
  SEQUENCE PUBLIC.SYSTEM_SEQUENCE_0FA3FC36_DAD7_4D24_912B_6F66A10E3FBF,
  USERNAME  VARCHAR(64),
  AUTHORITY VARCHAR(32)
);
ALTER TABLE PUBLIC.AUTHORITIES
  ADD CONSTRAINT PUBLIC.CONSTRAINT_A PRIMARY KEY (ID);
-- 56 +/- SELECT COUNT(*) FROM PUBLIC.AUTHORITIES;
INSERT INTO PUBLIC.AUTHORITIES (ID, USERNAME, AUTHORITY) VALUES
  (1, 'user', 'USER'),
  (2, 'admin', 'USER'),
  (3, 'admin', 'ADMIN'),
  (4, 'hgruntz', 'USER'),
  (5, 'uzahnweh', 'USER'),
  (6, 'uzahnweh', 'ADMIN'),
  (33, 'test', 'USER'),
  (34, 'donar.an.hindar', 'USER'),
  (35, 'imlerith', 'USER'),
  (36, 'the.bloody.baron', 'USER'),
  (37, 'assire.var.anahid', 'USER'),
  (38, 'bran.an.tuirseach', 'USER'),
  (39, 'yaevinn', 'USER'),
  (40, STRINGDECODE('agla\u00efs'), 'USER'),
  (41, 'johnny', 'USER'),
  (42, 'ciri', 'USER'),
  (43, 'brouver.hoog', 'USER'),
  (44, 'king.foltest', 'USER'),
  (45, 'zoltan.chivay', 'USER'),
  (46, STRINGDECODE('eithn\u00e9'), 'USER'),
  (47, 'yennefer.of.vengerberg', 'USER'),
  (48, 'vattier.de.rideaux', 'USER'),
  (49, 'jenge.frett', 'USER'),
  (50, 'addario.bach', 'USER'),
  (51, 'isengrim', 'USER'),
  (52, 'xarthisius', 'USER'),
  (53, STRINGDECODE('eithn\u00e91'), 'USER'),
  (54, 'ermion', 'USER'),
  (55, 'vattier.de.rideaux2', 'USER'),
  (56, 'jenge.frett3', 'USER'),
  (57, 'dudu.biberveldt', 'USER'),
  (58, 'aelirenn', 'USER'),
  (59, STRINGDECODE('schirr\u00fa'), 'USER'),
  (60, 'dudu.biberveldt4', 'USER'),
  (61, 'milva', 'USER'),
  (62, 'xarthisius5', 'USER'),
  (63, 'keira.metz', 'USER'),
  (64, 'brouver.hoog6', 'USER'),
  (65, 'donar.an.hindar7', 'USER'),
  (66, 'olgierd.von.everec', 'USER'),
  (67, 'whoreson.junior', 'USER'),
  (68, 'caranthir', 'USER'),
  (69, 'zoltan.chivay8', 'USER'),
  (70, 'olgierd.von.everec9', 'USER'),
  (71, 'jenge.frett10', 'USER'),
  (72, 'vattier.de.rideaux11', 'USER'),
  (73, 'vilgefortz', 'USER'),
  (74, 'iorveth', 'USER'),
  (75, 'jan.calveit', 'USER'),
  (76, 'vattier.de.rideaux12', 'USER'),
  (77, 'eredin', 'USER'),
  (78, 'ermion13', 'USER'),
  (79, 'dudu.biberveldt14', 'USER'),
  (80, STRINGDECODE('schirr\u00fa15'), 'USER'),
  (81, 'philippa.eilhart', 'USER'),
  (82, 'aelirenn16', 'USER');
CREATE CACHED TABLE PUBLIC.ARTIST (
  ID         BIGINT       NOT NULL,
  FIRST_NAME VARCHAR(100) NOT NULL,
  LAST_NAME  VARCHAR(100) NOT NULL
);
ALTER TABLE PUBLIC.ARTIST
  ADD CONSTRAINT PUBLIC.CONSTRAINT_7 PRIMARY KEY (ID);
-- 25 +/- SELECT COUNT(*) FROM PUBLIC.ARTIST;
INSERT INTO PUBLIC.ARTIST (ID, FIRST_NAME, LAST_NAME) VALUES
  (1, 'Little Feat', '0'),
  (2, 'ZZ Top', '1'),
  (3, 'Soundgarden', '2'),
  (4, 'Creedence Clearwater Revival', '3'),
  (5, 'Kansas', '4'),
  (6, 'The Band', '5'),
  (7, 'Alice In Chains', '6'),
  (8, 'Motorhead', '7'),
  (9, 'James Brown and the JBs', '8'),
  (10, 'Underworld', '9'),
  (11, 'The Scorpions', '10'),
  (12, 'Bob Marley and the Wailers', '11'),
  (13, 'Audioslave', '12'),
  (14, 'No Doubt', '13'),
  (15, 'The Band', '14'),
  (16, 'Coldplay', '15'),
  (17, 'The Police', '16'),
  (18, 'Sly and the Family Stone', '17'),
  (19, 'Alice In Chains', '18'),
  (20, 'Bon Jovi', '19'),
  (21, 'Coldplay', '20'),
  (22, 'Rush', '21'),
  (23, 'The Police', '22'),
  (24, 'The Bee Gees', '23'),
  (25, 'The Roots', '24');
CREATE CACHED TABLE PUBLIC.CUSTOMER (
  ID               BIGINT       NOT NULL,
  CITY             VARCHAR(255) NOT NULL,
  COUNTRY          VARCHAR(255) NOT NULL,
  LOCATION_NAME    VARCHAR(255) NOT NULL,
  POSTAL_CODE      VARCHAR(255) NOT NULL,
  STREET           VARCHAR(255) NOT NULL,
  EMAIL            VARCHAR(50),
  FIRST_NAME       VARCHAR(50)  NOT NULL,
  LAST_NAME        VARCHAR(50)  NOT NULL,
  TELEPHONE_NUMBER VARCHAR(30)  NOT NULL
);
ALTER TABLE PUBLIC.CUSTOMER
  ADD CONSTRAINT PUBLIC.CONSTRAINT_5 PRIMARY KEY (ID);
-- 50 +/- SELECT COUNT(*) FROM PUBLIC.CUSTOMER;
INSERT INTO PUBLIC.CUSTOMER (ID, CITY, COUNTRY, LOCATION_NAME, POSTAL_CODE, STREET, EMAIL, FIRST_NAME, LAST_NAME, TELEPHONE_NUMBER)
VALUES
  (1, '3a0pbggmd', 'o59nicjphj95yqm', 'c0gwc9g0', '10g6', 'rtcq0slcdwithdbg1285j', 'marcella.streich@gmail.com',
   'Alexander', 'Renner', '386.228.8308'),
  (2, '0chgmpdk', '4ri1tl7pylmjp1h', '2g0', 'qwxx', 'szgyfpfh3vy7xlj7k', 'gennaro.waters@yahoo.com', 'Frederik', 'Rempel', '(080) 956-9764 x0580'),
  (3, 'xlky2tfcsmv9tafab', '35n3rga', '9onmed2', 'c609', 'b63', 'armando.berge@gmail.com', 'Rickey', 'Reinger', '491.383.8152 x7210'),
  (4, 'gwwidir2pumx03hc2', 'xt392t2gdj0tb9qkt5t', 'b0yhcwii3', '0n77', 've2dyq4t65to5ezuswwf', 'nils.waters@hotmail.com', 'Coralie', 'Balistreri', '(421) 106-0380'),
  (5, 'ippn68y4v5v1wz9wcxgdx1', 'pk21dmaf', 'zd2x4', 'h3w9', 's4085x', 'ally.conn@gmail.com', 'Lorine', 'Dicki', '1-060-908-6969 x509'),
  (6, '729k8rrv57fjlrhk57', 'y8hk4f0mublqu', 'epnsy4h1zm', 'llgc', 'z5y6q84apom3npomuupggi9', 'jeffry.weissnat@yahoo.com', 'Leda', 'Botsford', '140-262-7543'),
  (7, '21csuwyo6jnyv', '8ax7xsx4ydx2dafwyym7giiw', 'g1duml8fcvt', 'cbsb', '2u5c82r', 'vernice.marquardt@hotmail.com', 'Concepcion', 'O''Keefe', '(046) 114-9727 x3108'),
  (8, 'ajt2q0n9', 'q1mbsdiddxt7jfdi', 'nbl', 'spvi', 't10fuy5do6hr9toy7', 'donnell.stiedemann@gmail.com', 'Jalyn', 'Kuphal', '547.640.0023 x117'),
  (9, '9tmxd4sem0jyzld', '6iruwupgusmifig', 'yliyn2fdy31e4ooiooa', '5o7a', 'ih4sf', 'lexie.schaden@gmail.com', 'Laverna', 'Pacocha', '1-057-013-4335'),
  (10, '6q530pot4rmuk306smgg8', 'r1876leot9i1c9ltk4jyge', 'an9xsrfgi7ffz', 'etj0', 'ellgsr5v', 'demarco.johnston@hotmail.com', 'Rafaela', 'Treutel', '(994) 391-7854 x55284'),
  (11, 'gv6wpjsc4qnaoa8lk0s', 'udun2fkonm6n2i3nbqwvqfv', '6fm11q10hxi1orirj9bm40k', '33xa', 'unljudplanc5', 'fabiola.klocko@hotmail.com', 'Jeffery', 'Williamson', '(265) 495-9422 x9280'),
  (12, 'vaguc', 'g3xnszmx5s3v', 'p3sici', 'z7ed', '4m7o0uhorqmpdrrv7p', 'mervin.bode@yahoo.com', 'Heaven', 'Dooley', '603-505-8425'),
  (13, 'mlxe8odesy5skc3s1', '9xrgs0yb', 'ei39t4e', 'bvqt', 'f2z1', 'theron.streich@gmail.com', 'Gianni', 'Walker', '209.440.6188'),
  (14, '7meifwhk', 'a6s67hlydret', '12a8lhzujpwioattvloagqd0', 'm4kj', 'ezn7420aylfpfgc', 'geo.treutel@hotmail.com', 'Ali', 'Prohaska', '593.694.6267 x05244'),
  (15, 'isvpkshoae5q4ydvfdo44a', 'uzuh9blh0htxb93g4k', 'rfypmlp09nbl5rh2pmd', 'k43p', '19gfsuoetsl', 'alysson.hahn@yahoo.com', 'Tre', 'Crona', '1-755-177-3539 x313'),
  (16, 'gbrvu1v8cc1t3vjh5q0c9d', 'oa6h6ag', 'bo6owyqa', 'pi2a', '0h5xiid', 'darrion.mayert@hotmail.com', 'Madalyn', 'Fahey', '309-745-4421'),
  (17, 'hmxdvhahzuirhmm', 'xd4i3xxtr675nfqul9rqsdb', 'vyz56b0zbdppkv3834', '2cen', 'sd63rsevyj', 'casper.gaylord@yahoo.com', 'Gaetano', 'Littel', '012.813.8515 x29566'),
  (18, 'njgj10j5taf1xwu8k', 'tihesv6pzspimfu75o6c', 'zpiw55w', 'w3su', '5dttlrvwr2e8jzktm', 'chandler.lang@hotmail.com', 'Reanna', 'Kihn', '052.273.5438'),
  (19, 'eoaz3fdri', '6igjibt', 'jk2p', 'zqdv', 'bvbcxk9svb1j1wx', 'lonie.maggio@gmail.com', 'Romaine', 'Lueilwitz', '041-937-6679 x6637'),
  (20, '6htbk5y', 'rt5d97dk3d5w1nli', '86q', 'xd58', '7y8eesbfbxdh', 'larissa.fahey@yahoo.com', 'Patience', 'Lebsack', '1-881-630-3945 x7962'),
  (21, 'a0irafdyufm', 'hiiz', '2sdtddpfhvfvaxpowqf2lk2', '5kkh', '2vr4waci1d38cazq314h', 'name.wisozk@hotmail.com', 'Justice', 'Flatley', '966-813-1271 x38569'),
  (22, 'js672pt0', 'cnsa5ocxb', 'prb', '2fka', 'nfdj3ipr', 'jada.windler@yahoo.com', 'Guy', 'Tromp',
   '1-282-170-6888 x322'),
  (23, '2keplpklwasmj', '9us', 's6gqt1r9cxwa8p4bg1om', 'scay', 'b64fdgbq', 'jaron.towne@yahoo.com', 'Berry', 'White',
   '(137) 634-1999 x33397'),
  (24, 'za2gx86fdorfrod5iqtlqhq', 'lvm82robojqkxfv06', 'xuwsgjou', 'jzk8', '10af70r', 'tina.gleason@hotmail.com',
   'Foster', 'Macejkovic', '386.482.9867 x50635'),
  (25, '29i', 'rllp3jd9k392haavp11jg', 'dqgmgz0yy997', 'ytd9', 'b8kfs9msv2gy5q07xsl', 'jaqueline.macejkovic@gmail.com',
   'Leopoldo', 'Cassin', '(818) 790-0752'),
  (26, 'jbkiwb05x', 'qc8kyxmczb2f4mamjkzv', 'i9aw3je4vcvcxi', 'mglo', 'hmzhruuwd6z9pxn6mll4gjv',
   'ebba.schaefer@hotmail.com', 'Leora', 'Ryan', '1-988-072-7816'),
  (27, '0eunsjdnpj1ye249y9o3fzu', '4g2ip7zf43mh6sj7j1gryjje', '9w812tp30hcuw', '17dm', '4gby44',
   'daisha.langosh@hotmail.com', 'Martin', 'Leuschke', '1-461-335-5000');
INSERT INTO PUBLIC.CUSTOMER (ID, CITY, COUNTRY, LOCATION_NAME, POSTAL_CODE, STREET, EMAIL, FIRST_NAME, LAST_NAME, TELEPHONE_NUMBER)
VALUES
  (28, 'fro82muxcy', 'm5agxi', 'shqn6ek', '6uzo', 'r5dp1h', 'eleanore.mertz@gmail.com', 'Frances', 'Quigley',
   '479-570-8660 x456'),
  (29, 'ykbm8kevfrongtx9g1vse5d', 'vuimffe49923t9q7g2fha', 'fvzj3', 'zdfz', 'u0yk4a', 'rachael.lindgren@yahoo.com', 'Bruce', 'Crooks', '1-315-970-0736 x52579'),
  (30, '3ezm46tgmweqcazfvj8ud00', 'ks1yyfbrdjnn', 'l6f', '6tx0', 'zcgduo7leuhaho2dmc8ozo0', 'zander.king@gmail.com', 'Mireille', 'Steuber', '1-634-002-1827'),
  (31, '177eodr5ggbsq83youryiwyv', 'ryvpb8pix55pnytdm5', 'khumzmzztt5d43bdp', '15bp', 'x94ieu7qz0d3', 'juanita.stark@yahoo.com', 'Paula', 'McDermott', '749.821.7699 x076'),
  (32, '8ou6kttrx0dtq9cgq5b', 'qav83x0', '047', '40h2', '4hktprzg0vh6v5ckt', 'lelah.ortiz@hotmail.com', 'Audreanne', 'Pfeffer', '1-341-680-5290 x34534'),
  (33, 'vqqo0vlkyxppp2bmrq2szj', 'rru', '6h0gc0', 'vd6i', 'dx2dvn0', 'remington.hamill@gmail.com', 'Felipe', 'O''Keefe', '624.987.1021'),
  (34, 'iw9', 'u9vag2', 'z8itz', 'cl4h', 'ky1ibjwfogv3ukkwayz3', 'lorine.kessler@gmail.com', 'Joshuah', 'Parisian', '1-824-599-4223 x400'),
  (35, 'ofz63yqor4or8ofpw', '1phb2rwyxf6h0fdxq', 'z1y7zheaoor265', '4zzf', 'rq37', 'marvin.emard@gmail.com', 'Makenzie', 'Crona', '(607) 224-2961 x755'),
  (36, 'hk6e7st8cr78mwt', 'o5gik02ywxs702xeyyvb4z0', 'o8485u2hde6vresqt', 'xnoh', 'q5jri76jh8g612', 'georgiana.zulauf@hotmail.com', 'Piper', 'Zieme', '563.963.9583 x130'),
  (37, 'h0d', 'o0jlkf2o0ohhtdkoj8idnx5', 'dcupphbkx2l5k3z', '11tb', 's7tnw9if', 'maye.grimes@yahoo.com', 'Pedro', 'Rohan', '1-205-734-6685 x2531'),
  (38, '6n73zcg7', '2uu3i', 'kpcoe934qv', 'zpq8', 'o8yhmfgegibshxvtc795v', 'amir.mclaughlin@yahoo.com', 'Darrel', 'Parker', '125-530-7557 x9128'),
  (39, 'vubhe9h5tdq5yla86', '5hj4nz', 'vp119n', '7k4k', 'xivu54rr2knav29xz92h3', 'madelyn.dibbert@gmail.com', 'Hans', 'Greenfelder', '(673) 605-4818'),
  (40, 'x748uz', '35qhqjqxyf', 'wp2w515o9jj91hpfwsgo23f', 'y4up', 'b5ijp7tsd3fik9tanpn5yel', 'rahul.hilpert@gmail.com', 'Kaelyn', 'Bradtke', '468-397-9348'),
  (41, 'm43fkfpi9433xxsu', 'jydlblyqxac7t', '6s3nr5m961', 'or2w', '9jxy1dbde', 'barbara.kulas@yahoo.com', 'Marilyne', 'Bahringer', '270.065.8216 x14458'),
  (42, '9kg21ypbidqdcc2mtulqugi', 'ld85ekwkyewaqhejt01k40wl', 'zw3888t', 'tear', 'muroh3qhz', 'ethel.ankunding@hotmail.com', 'Oma', 'DuBuque', '1-259-369-5280 x47927'),
  (43, 'sdug03hou24', 'dfs6lj7lw1ntsh35yghu40o6', 'sf28hyqf0xwx', 'ru58', 'aw6v', 'kaia.pfeffer@yahoo.com', 'Omer', 'Koch', '729.229.4514'),
  (44, 'kwdkdkeahm0038wh1sy3vnhi', 'm978g34qsk6qlu6qsdi', '8wfl', '197x', 'hxpygbrszz2zhg7rgv2g21m', 'clifton.cole@gmail.com', 'Eden', 'Greenholt', '766.377.8394'),
  (45, '903bubvihd1z405bq14xr41', '9gdlu7k8b32crurad7v', 'onhve91', 'ahws', 'frk8jmkrcegn9', 'terrill.ritchie@yahoo.com', 'Chasity', 'Bashirian', '749-348-6402'),
  (46, 'r16swkfegi1rh6ssof', 'nt8n', '1po2wubf3yxd9uf5', '6u5e', 'jucofx', 'jerald.gerlach@yahoo.com', 'Henri', 'Rippin', '1-083-079-6355 x8326'),
  (47, 'kw53pu8bci3itw', '9gln54x', '33vy4ozi847my1qyioh3', 's7yq', '94nlsq9m1tllgyjk2g4ekbs2', 'clint.emard@yahoo.com', 'Arno', 'Beatty', '1-649-122-4931'),
  (48, 'wea', 't7t3n3dc5l', '0md5iyxfgsju5', 'j4nm', 'eyr5no6vyq', 'mason.grady@hotmail.com', 'Tomasa', 'Weber', '1-616-447-9998 x70234'),
  (49, 'jy8mmkk2zr1mley3yb8sv3p', 'zd85a9', 'o84ha9', 'dljc', 'nhezmu7u09', 'destin.schneider@hotmail.com', 'Vesta',
   'Little', '1-352-853-7685 x8175'),
  (50, '8q1xjgwukur48fs9un02z', 'foqvpiz5krohrrtxmxi2xv', '0nutrkcz', 'w7ai', '6cuncpdu0mfw1vpa',
   'wyman.beahan@yahoo.com', 'Ima', 'Keeling', '417-913-0432 x43228');
CREATE CACHED TABLE PUBLIC.EVENT (
  ID          BIGINT        NOT NULL,
  DESCRIPTION VARCHAR(1000) NOT NULL,
  EVENT_TYPE  INTEGER       NOT NULL,
  NAME        VARCHAR(100)  NOT NULL
);
ALTER TABLE PUBLIC.EVENT
  ADD CONSTRAINT PUBLIC.CONSTRAINT_3 PRIMARY KEY (ID);
-- 25 +/- SELECT COUNT(*) FROM PUBLIC.EVENT;
INSERT INTO PUBLIC.EVENT (ID, DESCRIPTION, EVENT_TYPE, NAME) VALUES
  (1,
   'Well then get your shit together. Get it all together and put it in a backpack, all your shit, so it''s together. ...and if you gotta take it somewhere, take it somewhere ya know? Take it to the shit store and sell it, or put it in a shit museum. I don''t care what you do, you just gotta get it together... Get your shit together.',
   0, 'Zubat'),
  (2, 'HI! I''M MR MEESEEKS! LOOK AT ME!', 0, 'Hitmonchan'),
  (3, 'Oh, I''m sorry Morty, are you the scientist or are you the kid who wanted to get laid?', 0, 'Dratini'),
  (4, 'You''re our boy dog, don''t even trip.', 0, 'Bellsprout'),
  (5, 'Aw, c''mon Rick. That doesn''t seem so bad.', 0, 'Rhydon'),
  (6, 'HI! I''M MR MEESEEKS! LOOK AT ME!', 0, 'Clefairy'),
  (7, 'Ohh yea, you gotta get schwifty.', 0, 'Nidoran'),
  (8, 'I like what you got.', 0, 'Rhyhorn'),
  (9, 'Pluto''s a planet.', 0, 'Articuno'),
  (10, 'Aww, gee, you got me there Rick.', 0, 'Primeape'),
  (11, 'HI! I''M MR MEESEEKS! LOOK AT ME!', 0, 'Farfetch''d'),
  (12, 'Yo! What up my glip glops!', 0, 'Hypno'),
  (13, 'There is no god, Summer; gotta rip that band-aid off now you''ll thank me later.', 0, 'Vileplume'),
  (14, 'Sometimes science is a lot more art, than science. A lot of people don''t get that.', 0, 'Nidorina'),
  (15, 'Oh, I''m sorry Morty, are you the scientist or are you the kid who wanted to get laid?', 0, 'Seaking'),
  (16, 'Yo! What up my glip glops!', 0, 'Kingler'),
  (17, 'It''s fine, everything is fine. Theres an infinite number of realities Morty and in a few dozen of those I got lucky and turned everything back to normal.', 0, 'Bulbasaur'),
  (18, 'Oh, I''m sorry Morty, are you the scientist or are you the kid who wanted to get laid?', 0, 'Staryu'),
  (19, 'I don''t get it and I don''t need to.', 0, 'Dodrio'),
  (20, 'Existence is pain to a meeseeks Jerry, and we will do anything to alleviate that pain.', 0, 'Metapod'),
  (21, 'I''m the devil. What should I do when I fail? Give myself an ice cream?', 0, 'Jynx'),
  (22,
   'Well then get your shit together. Get it all together and put it in a backpack, all your shit, so it''s together. ...and if you gotta take it somewhere, take it somewhere ya know? Take it to the shit store and sell it, or put it in a shit museum. I don''t care what you do, you just gotta get it together... Get your shit together.',
   0, 'Lapras'),
  (23,
   'Well then get your shit together. Get it all together and put it in a backpack, all your shit, so it''s together. ...and if you gotta take it somewhere, take it somewhere ya know? Take it to the shit store and sell it, or put it in a shit museum. I don''t care what you do, you just gotta get it together... Get your shit together.',
   1, 'Farfetch''d'),
  (24, 'Sometimes science is a lot more art, than science. A lot of people don''t get that.', 1, 'Beedrill'),
  (25, 'HI! I''M MR MEESEEKS! LOOK AT ME!', 1, 'Dodrio');
CREATE CACHED TABLE PUBLIC.EVENT_ARTISTS (
  EVENT_ID   BIGINT NOT NULL,
  ARTISTS_ID BIGINT NOT NULL
);
ALTER TABLE PUBLIC.EVENT_ARTISTS
  ADD CONSTRAINT PUBLIC.CONSTRAINT_A1 PRIMARY KEY (EVENT_ID, ARTISTS_ID);
-- 50 +/- SELECT COUNT(*) FROM PUBLIC.EVENT_ARTISTS;
INSERT INTO PUBLIC.EVENT_ARTISTS (EVENT_ID, ARTISTS_ID) VALUES
  (1, 1),
  (1, 2),
  (2, 2),
  (2, 3),
  (3, 4),
  (3, 3),
  (4, 5),
  (4, 4),
  (5, 5),
  (5, 6),
  (6, 7),
  (6, 6),
  (7, 7),
  (7, 8),
  (8, 9),
  (8, 8),
  (9, 10),
  (9, 9),
  (10, 10),
  (10, 11),
  (11, 11),
  (11, 12),
  (12, 13),
  (12, 12),
  (13, 14),
  (13, 13),
  (14, 14),
  (14, 15),
  (15, 15),
  (15, 16),
  (16, 16),
  (16, 17),
  (17, 17),
  (17, 18),
  (18, 19),
  (18, 18),
  (19, 20),
  (19, 19),
  (20, 20),
  (20, 21),
  (21, 21),
  (21, 22),
  (22, 22),
  (22, 23),
  (23, 1),
  (23, 2),
  (24, 2),
  (24, 3),
  (25, 4),
  (25, 3);
CREATE CACHED TABLE PUBLIC.HALL (
  ID            BIGINT       NOT NULL,
  CITY          VARCHAR(255) NOT NULL,
  COUNTRY       VARCHAR(255) NOT NULL,
  LOCATION_NAME VARCHAR(255) NOT NULL,
  POSTAL_CODE   VARCHAR(255) NOT NULL,
  STREET        VARCHAR(255) NOT NULL,
  NAME          VARCHAR(100) NOT NULL
);
ALTER TABLE PUBLIC.HALL
  ADD CONSTRAINT PUBLIC.CONSTRAINT_2 PRIMARY KEY (ID);
-- 0 +/- SELECT COUNT(*) FROM PUBLIC.HALL;
CREATE CACHED TABLE PUBLIC.NEWS (
  ID           BIGINT         NOT NULL,
  PUBLISHED_AT TIMESTAMP      NOT NULL,
  TEXT         VARCHAR(10000) NOT NULL,
  TITLE        VARCHAR(100)   NOT NULL
);
ALTER TABLE PUBLIC.NEWS
  ADD CONSTRAINT PUBLIC.CONSTRAINT_24 PRIMARY KEY (ID);
-- 25 +/- SELECT COUNT(*) FROM PUBLIC.NEWS;
INSERT INTO PUBLIC.NEWS (ID, PUBLISHED_AT, TEXT, TITLE) VALUES
  (1, TIMESTAMP '2017-06-19 07:55:54.74',
   'Est aut nostrum. Temporibus voluptatem consequatur recusandae. Ea consequatur quia. Laborum non commodi. Explicabo rem corporis voluptates dolorum voluptate velit beatae. Voluptatum consequatur dignissimos excepturi aut voluptatibus aut repellat.',
   'mlyhgxnp8twgdl00gqku5uiawyn0by4aads8hutajaowa1rofpm2zstwlmeuo6e0dor3v'),
  (2, TIMESTAMP '2015-08-03 16:03:51.68',
   'Est et sint quisquam corporis est mollitia. Ratione delectus quaerat eum. Ducimus minima tempora at qui provident labore dolorem. Ut consequatur voluptatem ut eius saepe aut itaque. Perspiciatis autem corrupti. Recusandae et cum doloribus quos eius est in. Culpa adipisci earum ipsum consectetur rerum. Vel repudiandae quis.',
   'bnt7tqyiu4ieflxluoyr8hp3t2vdcdr7rv7k9yw'),
  (3, TIMESTAMP '2017-12-25 02:13:25.105',
   'Pariatur corrupti culpa veniam. Facilis saepe aut. Molestias asperiores est dicta quia fuga tempore. Sed sit laudantium qui et. Nam esse sit est voluptas. Et assumenda in quia nemo consequatur nihil. Est aut nisi est.',
   'shcdlrqwt8zflcoxph1c4ejz1mjgs80nizgtdlz3c8tzss35dqwtwbqh5a010'),
  (4, TIMESTAMP '2016-01-11 12:59:05.772',
   'Velit error impedit sit. In quos autem autem repudiandae consequatur reiciendis corporis. Cupiditate earum cum veniam. Hic cum non magnam enim ea. Placeat omnis architecto sed debitis dolorum consequatur. Tempora quas dignissimos exercitationem. Quia nobis alias magni impedit. Error quaerat impedit sit dolores inventore eum.',
   '2yj0fohof5vegtxhjyyj21kpc23'),
  (5, TIMESTAMP '2015-06-29 21:33:26.515',
   'Optio illum expedita illo. Deleniti rerum culpa itaque veritatis ipsa blanditiis. Fugit ex omnis fuga eveniet ut. Neque officia cum nulla voluptas illo dolores. Corrupti alias ratione esse ut qui quos repudiandae. Autem aut atque repudiandae sit. Cupiditate cupiditate iure consequuntur modi dolorum. Qui illo quos ad nesciunt.',
   '28vn32wn97aus0guexmcy69hmwfbq5f6g8m7h597q9j1olb4u2jtwqtpu2jxfn2a4e7hp0xdqjkco573yfiy7tm5yd1l25k25'),
  (6, TIMESTAMP '2017-09-09 09:18:31.088',
   'Pariatur ex aut ut earum. Quia quos at est provident. Necessitatibus id doloribus officiis. Rem voluptatem accusantium cum. Quia aut aperiam quia. Illum necessitatibus id porro animi fuga. Quas ipsa ut praesentium tempora. Et non perspiciatis molestiae sit.',
   'iqajdoeugnp6x661usep2h85cxql8cm4oodt'),
  (7, TIMESTAMP '2017-07-15 17:23:25.005',
   'Eveniet esse nobis est. Possimus mollitia officia doloribus reprehenderit eligendi. Accusamus necessitatibus ipsam voluptas et commodi. At quae reiciendis ut vel est amet aut. Enim quidem et cupiditate. Eos veniam laudantium. Eos voluptatem sit. In deleniti accusamus sint voluptatem. Sapiente ullam non animi ut dolores. Recusandae necessitatibus autem voluptas dolores.',
   'amsehjw0ke8iovtu9l4u1yv7v2u9t3anfokz542r3qonbakrrnvuyp41nbwdx95nhg32oip54lc4wg0k5hj2tru7z48b7k6q04'),
  (8, TIMESTAMP '2016-11-07 23:45:32.403',
   'Aspernatur fugit et fugiat est optio. Hic voluptatibus quis esse et tempore. Voluptatum eligendi maxime officiis et magni. Dolorem veritatis dolor id nulla quia sed. Fuga perspiciatis voluptate non nam odit ut error. Hic impedit deserunt. In est quas. Dolore illum sunt ut dolor dolores eos officia. Aut odit quasi consequatur officiis corporis. Earum totam consequuntur repellendus eum.',
   'osni9v7ngow2zyp11app4e4txyeextp7wqe2kaz4z5g9b4'),
  (9, TIMESTAMP '2017-08-15 12:41:27.916',
   'Et debitis ipsam rerum voluptates aliquam et ipsum. Eveniet temporibus voluptatem corporis magni veritatis eos fugiat. Molestiae quis in eum. Cupiditate id tempore laudantium sit qui et nihil. Sed distinctio atque perspiciatis quae qui sunt et. Fugit qui labore sed vel aut nesciunt delectus.',
   'lcpl2ttatypz9kypj5eejh1sew7s26j6yid5wiiwyzn4hoertts39m8vq35usj8ctxhnbg55hyd'),
  (10, TIMESTAMP '2015-11-24 22:07:08.789',
   'Ipsa facere dolores ipsam quia consequatur ex odit. Corporis ex odio qui facere fuga. Doloribus dicta neque. Eveniet itaque omnis quia voluptatem rem qui iure. Aliquid at aliquam. Harum qui quasi distinctio at nihil similique eaque. Ab quae ex tenetur. Fugiat explicabo aut aspernatur magni.',
   'x1civr8ieunpowrj7f6urhij8wx1iwtmsu6w9kvhh7kstkqp6jd3k');
INSERT INTO PUBLIC.NEWS (ID, PUBLISHED_AT, TEXT, TITLE) VALUES
  (11, TIMESTAMP '2015-12-25 13:03:46.235',
   'Pariatur omnis voluptatibus adipisci est cupiditate. Natus quaerat est id ullam praesentium dolores. Sunt ut ea quis. Explicabo sit voluptates. Molestias officiis sint et. Voluptatem veritatis ut. Et deleniti rerum. Qui in inventore nostrum in porro velit. Libero nulla id iste quasi.',
   'bidlf3r1t1i0m1lfjp4celolt904pl83xsvxw6mz6qy5qbz9x9zrfkn6ziez9vzk0rcs3b1lhgcf48s9f7'),
  (12, TIMESTAMP '2018-03-17 00:25:33.915',
   'Sed doloremque molestias labore quibusdam veritatis tempore. Totam aliquam ea sapiente aut. Qui repellat sequi nihil consequatur. Voluptatum veritatis maxime ipsa officiis dolorem doloremque perspiciatis. Eum non molestiae eum ad. Iusto et quia repellat ut quibusdam quia. Nostrum nisi aut perferendis ut. Accusamus sit laudantium consequatur qui eos est voluptatem. Aspernatur ratione animi neque. Aut tenetur velit asperiores quisquam praesentium at. Expedita nisi quis adipisci earum nulla.',
   'ougqz5zw3n6g80q7aqacpv8jrk8r5zhrpfixs9dr55wam84tvsfodqhs0bsa1m53v7ju0cred150'),
  (13, TIMESTAMP '2016-10-01 01:31:48.553',
   'Facilis distinctio eos qui incidunt sapiente hic dolorem. Suscipit quos sapiente est dicta praesentium ut ut. Dicta soluta fugiat voluptatem quas maiores. Quos rerum vitae aut consequatur aut vitae est. Suscipit adipisci quaerat nobis earum quia. Eligendi vitae ducimus. Illo commodi aliquam et aut sint. Qui voluptas ut officia laudantium iure necessitatibus. Est pariatur ex corrupti.',
   'u96px4xrpxpq8mfmpoyv917xw80oujkqvm40i1kry'),
  (14, TIMESTAMP '2017-02-18 14:57:20.167',
   'Quo impedit ex ut atque distinctio. Et accusantium error sint. Natus sit quisquam eligendi. Dolorum ex consequatur ab magnam labore. Reiciendis est aut magnam earum similique. Animi in tempore sint nisi.',
   '9t9vdufuojwefws53wc9bevpygufw8msxuv8ljc2n3if7q2nitk8ud27jxani8wd1jkaclxzjtzykxafnwgyu74tn'),
  (15, TIMESTAMP '2016-11-04 12:23:51.485',
   'Recusandae molestias earum. Et tempora qui est molestiae. Et praesentium pariatur earum aut. Odit maxime rem eligendi iste vitae. Est et ipsam. Ut esse velit iure omnis aut ea eum. Officia optio voluptas soluta officia. Neque itaque aliquid deserunt accusantium cumque at veniam.',
   '40f9odp1hqqhu64mxeenapwfltr8s26mp4z7nc5ekwne8cmsgc5paeqq0qwf03k7wapq7h61ch2im4moeqzev'),
  (16, TIMESTAMP '2015-08-14 04:50:29.151',
   'Iusto temporibus eos reiciendis ad. Odit est quia et sit velit facere. Harum voluptate delectus id. Molestiae repellat sed dolorem aut provident perspiciatis fugiat. Facilis officiis molestiae. Voluptatem illo accusamus alias. Quos dolor expedita est voluptates dolore soluta provident. Quod doloribus sit quam dolore. Beatae enim beatae aspernatur voluptatem at.',
   'prhb13vemzrcztxaqnmfg9ufwhi8ektvxpxa3jhpqk6rqkvawl6niwapheax8'),
  (17, TIMESTAMP '2018-04-20 23:36:38.125',
   'Cupiditate impedit doloremque et unde nobis laborum eum. Sapiente blanditiis est molestias. Est ex accusamus tempora sint occaecati. Maxime non ab. Quibusdam unde soluta id vel magni nobis. Corrupti et omnis nulla in. Hic laudantium voluptatem aut dignissimos. Ex praesentium eum illum distinctio ut sed. Eligendi fugiat a laborum aperiam porro.',
   'v0dnb5c6ftu8xtr6knoc7v18yz3bjo7ykfnz8f143iuk2ekpk11h004xwdm9zx99rd'),
  (18, TIMESTAMP '2016-02-14 16:01:42.341',
   'Aut asperiores nam. Velit soluta accusantium culpa laboriosam. Omnis enim non accusantium. Dignissimos provident ducimus maxime dignissimos aut enim debitis. Iste sed ut doloribus cumque sit. Iure debitis sit. Quasi eum quasi. Et omnis cupiditate minima unde non eos dolor. Ut aut sint est id dolor omnis omnis.',
   'wad3js9dbed7wp496az6b9rqz79tk8i1hzygtips4k21vz8hyihb7pahd1xb35b'),
  (19, TIMESTAMP '2016-09-06 04:23:15.245',
   'Sed sunt accusantium rerum minima quis et sit. Occaecati atque aperiam et similique vel libero. Ipsam sed corporis autem. Qui et modi reiciendis qui cum dicta. Unde ut aut eos officiis. Id pariatur dolor doloremque vitae. Debitis est nulla voluptatem dolor quia delectus. Repellendus repudiandae ab ut. Veritatis cumque sed facere quod id. Error vel veritatis et.',
   'uvimjh8ih79njmkzakadidlbtflj8bkuf34ovj27uxy57eehp7x');
INSERT INTO PUBLIC.NEWS (ID, PUBLISHED_AT, TEXT, TITLE) VALUES
  (20, TIMESTAMP '2016-05-15 00:51:33.158',
   'Magni sed quidem consectetur. Iusto aliquam maxime odit qui aliquam. Quas qui ipsum. Iusto et vel possimus aut dolorem recusandae. Aut quia voluptas autem qui distinctio asperiores. Debitis et pariatur voluptatem et rerum. Ullam repudiandae ut. Iusto necessitatibus perferendis optio in ut.',
   'zknteela1n6xf84wnr9fwhzl2e2gg6q9bxvfsna2u6fhh3'),
  (21, TIMESTAMP '2016-03-23 01:43:41.881',
   'A ipsa deserunt fugiat excepturi. Voluptatibus distinctio rerum amet nihil repellendus eaque. Dignissimos et ipsa aut vel. Eligendi qui minima voluptates accusamus at. Rerum quo molestias aut cumque et illo. Eum consequatur aut explicabo architecto. Assumenda fugit quisquam facere repudiandae voluptas alias. Nemo aliquid ea unde quos. Impedit corrupti voluptatem sed accusantium iusto accusantium.',
   'sll0z1am0ekf6aoo32h1arikm1i60iak9tq'),
  (22, TIMESTAMP '2015-06-01 11:59:18.734',
   'Ad impedit sint aut iure quae dolorum. Aliquid ratione voluptas sit accusamus. Est nihil omnis. Vero laborum esse. Sit culpa nihil et quis totam. Maiores quibusdam expedita enim. Sed aliquid assumenda dolores architecto et quo atque.',
   'uv03fpync3s0ts5y239e44s1zcuf'),
  (23, TIMESTAMP '2017-11-27 15:32:14.41',
   'Sit ipsam nemo quia earum iste aut. Quas quibusdam debitis. Fugit quo velit esse. Ea ut placeat facere. Aut iusto ea et et quidem. Cupiditate et ad rerum. Sed dolorem qui magni tenetur quo amet porro. Sit sed possimus impedit eveniet ea. Unde vero molestiae. Eaque quo in.',
   'qn2kguktycwqyzht33z4vzir7giv5u52c8i8brvuzek67t9fyp9g4cgpauch0fd7x7'),
  (24, TIMESTAMP '2017-07-25 04:58:05.904',
   'Sunt dolores eos voluptas id. Quo cupiditate sequi sunt rem et rerum. Sed itaque reprehenderit quia dolorem ad quia aspernatur. Et enim fuga rerum aperiam molestiae. Quam est quos.',
   't145j4qw591hahqecxsidwoyaly35f78sw4oy21561nuf6829s7uy'),
  (25, TIMESTAMP '2016-07-23 14:44:37.331',
   'Earum voluptatem voluptas quia magnam debitis quidem sit. Voluptates et nam sint quo omnis. Asperiores voluptas asperiores qui voluptas. Nisi fugit facilis id vero voluptas illo. Error autem in veniam amet esse. In qui eveniet blanditiis. Error optio voluptates et id temporibus. Ut provident quidem. Maxime eum et quo saepe.',
   'l13kj0os1ta99g4fxs499jr2z4iljqp6q7');
CREATE CACHED TABLE PUBLIC.PERFORMANCE (
  ID                BIGINT         NOT NULL,
  CITY              VARCHAR(255)   NOT NULL,
  COUNTRY           VARCHAR(255)   NOT NULL,
  LOCATION_NAME     VARCHAR(255)   NOT NULL,
  POSTAL_CODE       VARCHAR(255)   NOT NULL,
  STREET            VARCHAR(255)   NOT NULL,
  NAME              VARCHAR(100)   NOT NULL,
  PERFORMANCE_END   TIMESTAMP      NOT NULL,
  PERFORMANCE_START TIMESTAMP      NOT NULL,
  PRICE             DECIMAL(19, 2) NOT NULL,
  EVENT_ID          BIGINT
);
ALTER TABLE PUBLIC.PERFORMANCE
  ADD CONSTRAINT PUBLIC.CONSTRAINT_28 PRIMARY KEY (ID);
-- 25 +/- SELECT COUNT(*) FROM PUBLIC.PERFORMANCE;
INSERT INTO PUBLIC.PERFORMANCE (ID, CITY, COUNTRY, LOCATION_NAME, POSTAL_CODE, STREET, NAME, PERFORMANCE_END, PERFORMANCE_START, PRICE, EVENT_ID)
VALUES
  (1, 'South Tianastad', 'Niger', 'Haven of the Eldar', '65028', 'Kihn Mission', 'ESL Cologne',
    TIMESTAMP '2018-11-20 20:41:03.146', TIMESTAMP '2018-11-20 19:27:03.146', 2.20, 6),
  (2, 'North Alexandrealand', 'Tuvalu', 'Orthanc', '63640', 'Will Courts', 'Worlds', TIMESTAMP '2022-05-30 11:44:34.027', TIMESTAMP '2022-05-30 08:08:34.027', 2.20, 2),
  (3, 'West Mara', 'Virgin Islands, British', 'Helm''s Deep', '82079-3370', 'Jeanette Station', 'League All Stars', TIMESTAMP '2018-08-27 19:20:25.95', TIMESTAMP '2018-08-27 16:14:25.95', 2.20, 11),
  (4, 'Port Irvingshire', 'Congo', 'Old Forest', '21158-6276', 'Gladyce Common', 'MLG Meadowlands', TIMESTAMP '2021-11-17 10:34:37.007', TIMESTAMP '2021-11-17 09:32:37.007', 2.20, 4),
  (5, 'North Jacques', 'San Marino', 'Sarn Ford', '61678', 'Richard Lock', 'League All Stars', TIMESTAMP '2021-06-17 02:46:19.751', TIMESTAMP '2021-06-16 23:33:19.751', 2.20, 17),
  (6, 'North Renee', 'Slovakia (Slovak Republic)', 'Vista', '39041-9057', 'Reinger Crossroad', 'MLG Meadowlands', TIMESTAMP '2018-06-01 08:40:47.483', TIMESTAMP '2018-06-01 06:39:47.483', 2.20, 1),
  (7, 'South Neoma', 'Jersey', 'Meduseld', '78518', 'Weber Locks', 'GFinity London', TIMESTAMP '2020-01-03 21:00:44.01', TIMESTAMP '2020-01-03 19:16:44.01', 2.20, 11),
  (8, 'Yadiraton', 'Botswana', 'Dol Guldur', '78601-5660', 'Remington Shore', 'GFinity London', TIMESTAMP '2023-04-03 21:08:20.946', TIMESTAMP '2023-04-03 19:43:20.946', 2.20, 16),
  (9, 'New Albertha', 'Austria', 'Old Forest', '75038-3810', 'Annamarie Groves', 'IEM Championship', TIMESTAMP '2023-03-06 17:06:04.613', TIMESTAMP '2023-03-06 14:10:04.613', 2.20, 7),
  (10, 'Lake Bernard', 'Vietnam', 'Crack of Doom', '96331', 'Schimmel Mount', 'ESL Cologne', TIMESTAMP '2021-01-10 01:42:20.68', TIMESTAMP '2021-01-10 00:49:20.68', 2.20, 5),
  (11, 'Lindborough', 'Congo', 'Falls of Rauros', '26008-7685', 'Lucio Plains', 'League All Stars', TIMESTAMP '2020-05-07 13:12:01.924', TIMESTAMP '2020-05-07 12:39:01.924', 2.20, 9),
  (12, 'North Anthony', 'Antarctica (the territory South of 60 deg S)', 'Dol Guldur', '60208', 'Clifton Lake', 'Worlds', TIMESTAMP '2019-12-26 18:39:19.219', TIMESTAMP '2019-12-26 17:37:19.219', 2.20, 6),
  (13, 'South Cynthiafort', 'Saint Helena', 'Crack of Doom', '40225', 'Kadin Turnpike', 'Worlds', TIMESTAMP '2020-12-12 02:25:26.831', TIMESTAMP '2020-12-12 00:05:26.831', 2.20, 15),
  (14, 'North Kacie', 'Canada', 'Rivendell', '86034', 'Raul Village', 'MLG Meadowlands', TIMESTAMP '2022-02-03 13:40:49.666', TIMESTAMP '2022-02-03 12:53:49.666', 2.20, 16),
  (15, 'Bergstromberg', 'Azerbaijan', 'Ilmen', '22405', 'Cormier Estates', 'Worlds', TIMESTAMP '2018-09-24 15:56:21.043', TIMESTAMP '2018-09-24 14:25:21.043', 2.20, 5),
  (16, 'Brownfort', 'Saudi Arabia', STRINGDECODE(
    'Henneth Ann\u00fbn'), '96557-1062', 'Grady Corners', 'League All Stars', TIMESTAMP '2023-02-21 16:43:51.453', TIMESTAMP '2023-02-21 15:50:51.453', 2.20, 16),
  (17, 'Lexitown', 'Cameroon', 'Argonath', '41073', 'Donavon Neck', 'Worlds', TIMESTAMP '2020-01-16 18:44:58.354', TIMESTAMP '2020-01-16 16:35:58.354', 2.20, 17),
  (18, 'Danieltown', 'Sudan', 'Fords of Isen', '70889-5147', 'Victoria Cliffs', 'Worlds', TIMESTAMP '2019-02-25 11:05:09.203', TIMESTAMP '2019-02-25 07:38:09.203', 2.20, 4),
  (19, 'Rempelstad', 'Northern Mariana Islands', 'Narchost', '60340', 'Kertzmann Gardens', 'League All Stars', TIMESTAMP '2021-02-16 01:23:36.991', TIMESTAMP '2021-02-16 00:52:36.991', 2.20, 3),
  (20, 'Armandside', 'Botswana', 'Regions of the Shire', '70922', 'Hayes Field', 'ESL Cologne', TIMESTAMP '2022-08-16 02:18:43.223', TIMESTAMP '2022-08-16 00:25:43.223', 2.20, 19),
  (21, 'Martinachester', 'Vanuatu', 'Ilmen', '15772', 'Susan Pike', 'ESL Cologne', TIMESTAMP '2020-05-10 18:05:02.956', TIMESTAMP '2020-05-10 14:27:02.956', 2.20, 4),
  (22, 'West Rachelmouth', 'Lithuania', 'Argonath', '27331-6218', 'Sanford Way', 'Worlds',
    TIMESTAMP '2020-10-15 18:52:33.529', TIMESTAMP '2020-10-15 18:14:33.529', 2.20, 14);
INSERT INTO PUBLIC.PERFORMANCE (ID, CITY, COUNTRY, LOCATION_NAME, POSTAL_CODE, STREET, NAME, PERFORMANCE_END, PERFORMANCE_START, PRICE, EVENT_ID)
VALUES
  (23, 'Davischester', 'United Kingdom', 'Rivendell', '61441', 'Luz Walk', 'IEM Championship',
    TIMESTAMP '2022-04-05 06:48:05.352', TIMESTAMP '2022-04-05 05:03:05.352', 2.20, 18),
  (24, 'Cartwrightberg', 'Wallis and Futuna', 'Eithel Sirion', '84472-2623', 'Ellsworth Landing', 'Worlds',
    TIMESTAMP '2018-06-22 23:38:53.45', TIMESTAMP '2018-06-22 22:07:53.45', 2.20, 8),
  (25, 'North Haylee', 'Bhutan', 'Aglarond', '58193', 'Elyse Prairie', 'ESL Cologne',
    TIMESTAMP '2019-03-27 09:00:21.373', TIMESTAMP '2019-03-27 06:11:21.373', 2.20, 6);
CREATE CACHED TABLE PUBLIC.RESERVATION_SEATS (
  RESERVATION_ID BIGINT NOT NULL,
  SEATS_ID       BIGINT NOT NULL
);
-- 2500 +/- SELECT COUNT(*) FROM PUBLIC.RESERVATION_SEATS;
INSERT INTO PUBLIC.RESERVATION_SEATS (RESERVATION_ID, SEATS_ID) VALUES
  (1, 1),
  (2, 1),
  (3, 1),
  (4, 1),
  (5, 1),
  (6, 1),
  (7, 1),
  (8, 1),
  (9, 1),
  (10, 1),
  (11, 1),
  (12, 1),
  (13, 1),
  (14, 1),
  (15, 1),
  (16, 1),
  (17, 1),
  (18, 1),
  (19, 1),
  (20, 1),
  (21, 1),
  (22, 1),
  (23, 1),
  (24, 1),
  (25, 1),
  (26, 1),
  (27, 1),
  (28, 1),
  (29, 1),
  (30, 1),
  (31, 1),
  (32, 1),
  (33, 1),
  (34, 1),
  (35, 1),
  (36, 1),
  (37, 1),
  (38, 1),
  (39, 1),
  (40, 1),
  (41, 1),
  (42, 1),
  (43, 1),
  (44, 1),
  (45, 1),
  (46, 1),
  (47, 1),
  (48, 1),
  (49, 1),
  (50, 1),
  (51, 1),
  (52, 1),
  (53, 1),
  (54, 1),
  (55, 1),
  (56, 1),
  (57, 1),
  (58, 1),
  (59, 1),
  (60, 1),
  (61, 1),
  (62, 1),
  (63, 1),
  (64, 1),
  (65, 1),
  (66, 1),
  (67, 1),
  (68, 1),
  (69, 1),
  (70, 1),
  (71, 1),
  (72, 1),
  (73, 1),
  (74, 1),
  (75, 1),
  (76, 1),
  (77, 1),
  (78, 1),
  (79, 1),
  (80, 1),
  (81, 1),
  (82, 1),
  (83, 1),
  (84, 1),
  (85, 1),
  (86, 1),
  (87, 1),
  (88, 1),
  (89, 1),
  (90, 1),
  (91, 1),
  (92, 1),
  (93, 1),
  (94, 1),
  (95, 1),
  (96, 1),
  (97, 1),
  (98, 1),
  (99, 1),
  (100, 1),
  (101, 1),
  (102, 1),
  (103, 1),
  (104, 1),
  (105, 1),
  (106, 1),
  (107, 1),
  (108, 1),
  (109, 1),
  (110, 1),
  (111, 1),
  (112, 1),
  (113, 1),
  (114, 1),
  (115, 1),
  (116, 1),
  (117, 1),
  (118, 1),
  (119, 1),
  (120, 1),
  (121, 1),
  (122, 1),
  (123, 1),
  (124, 1),
  (125, 1),
  (126, 1),
  (127, 1),
  (128, 1),
  (129, 1),
  (130, 1),
  (131, 1),
  (132, 1),
  (133, 1),
  (134, 1),
  (135, 1),
  (136, 1),
  (137, 1),
  (138, 1),
  (139, 1),
  (140, 1),
  (141, 1),
  (142, 1),
  (143, 1),
  (144, 1),
  (145, 1),
  (146, 1),
  (147, 1),
  (148, 1),
  (149, 1),
  (150, 1),
  (151, 1),
  (152, 1),
  (153, 1),
  (154, 1),
  (155, 1),
  (156, 1),
  (157, 1),
  (158, 1),
  (159, 1),
  (160, 1),
  (161, 1),
  (162, 1),
  (163, 1),
  (164, 1),
  (165, 1),
  (166, 1),
  (167, 1),
  (168, 1),
  (169, 1),
  (170, 1),
  (171, 1),
  (172, 1),
  (173, 1),
  (174, 1),
  (175, 1),
  (176, 1),
  (177, 1),
  (178, 1),
  (179, 1),
  (180, 1),
  (181, 1),
  (182, 1),
  (183, 1),
  (184, 1),
  (185, 1),
  (186, 1),
  (187, 1),
  (188, 1),
  (189, 1),
  (190, 1),
  (191, 1),
  (192, 1),
  (193, 1),
  (194, 1),
  (195, 1),
  (196, 1),
  (197, 1),
  (198, 1),
  (199, 1),
  (200, 1),
  (201, 1),
  (202, 1),
  (203, 1),
  (204, 1),
  (205, 1),
  (206, 1),
  (207, 1),
  (208, 1),
  (209, 1),
  (210, 1),
  (211, 1),
  (212, 1),
  (213, 1),
  (214, 1),
  (215, 1),
  (216, 1),
  (217, 1),
  (218, 1),
  (219, 1),
  (220, 1),
  (221, 1),
  (222, 1),
  (223, 1),
  (224, 1),
  (225, 1),
  (226, 1),
  (227, 1),
  (228, 1),
  (229, 1),
  (230, 1),
  (231, 1),
  (232, 1),
  (233, 1),
  (234, 1),
  (235, 1),
  (236, 1),
  (237, 1),
  (238, 1),
  (239, 1),
  (240, 1),
  (241, 1),
  (242, 1),
  (243, 1),
  (244, 1),
  (245, 1),
  (246, 1),
  (247, 1),
  (248, 1),
  (249, 1),
  (250, 1),
  (251, 1),
  (252, 1),
  (253, 1),
  (254, 1),
  (255, 1),
  (256, 1),
  (257, 1),
  (258, 1),
  (259, 1),
  (260, 1),
  (261, 1),
  (262, 1),
  (263, 1),
  (264, 1),
  (265, 1),
  (266, 1),
  (267, 1),
  (268, 1),
  (269, 1),
  (270, 1),
  (271, 1),
  (272, 1),
  (273, 1),
  (274, 1),
  (275, 1),
  (276, 1),
  (277, 1),
  (278, 1),
  (279, 1),
  (280, 1),
  (281, 1),
  (282, 1),
  (283, 1),
  (284, 1),
  (285, 1),
  (286, 1),
  (287, 1),
  (288, 1),
  (289, 1),
  (290, 1),
  (291, 1),
  (292, 1),
  (293, 1),
  (294, 1),
  (295, 1),
  (296, 1),
  (297, 1),
  (298, 1),
  (299, 1),
  (300, 1),
  (301, 1),
  (302, 1),
  (303, 1),
  (304, 1),
  (305, 1),
  (306, 1),
  (307, 1),
  (308, 1),
  (309, 1),
  (310, 1),
  (311, 1),
  (312, 1),
  (313, 1),
  (314, 1),
  (315, 1),
  (316, 1),
  (317, 1),
  (318, 1),
  (319, 1),
  (320, 1),
  (321, 1),
  (322, 1),
  (323, 1),
  (324, 1),
  (325, 1),
  (326, 1),
  (327, 1),
  (328, 1),
  (329, 1),
  (330, 1),
  (331, 1),
  (332, 1),
  (333, 1),
  (334, 1),
  (335, 1),
  (336, 1),
  (337, 1),
  (338, 1),
  (339, 1),
  (340, 1),
  (341, 1),
  (342, 1),
  (343, 1),
  (344, 1),
  (345, 1),
  (346, 1),
  (347, 1),
  (348, 1),
  (349, 1),
  (350, 1),
  (351, 1),
  (352, 1),
  (353, 1),
  (354, 1),
  (355, 1),
  (356, 1),
  (357, 1),
  (358, 1),
  (359, 1),
  (360, 1),
  (361, 1),
  (362, 1),
  (363, 1),
  (364, 1),
  (365, 1),
  (366, 1),
  (367, 1),
  (368, 1),
  (369, 1),
  (370, 1),
  (371, 1),
  (372, 1),
  (373, 1),
  (374, 1),
  (375, 1),
  (376, 1),
  (377, 1),
  (378, 1),
  (379, 1),
  (380, 1),
  (381, 1),
  (382, 1),
  (383, 1),
  (384, 1),
  (385, 1),
  (386, 1),
  (387, 1),
  (388, 1),
  (389, 1),
  (390, 1),
  (391, 1),
  (392, 1),
  (393, 1),
  (394, 1),
  (395, 1),
  (396, 1),
  (397, 1),
  (398, 1),
  (399, 1),
  (400, 1),
  (401, 1),
  (402, 1),
  (403, 1),
  (404, 1),
  (405, 1),
  (406, 1),
  (407, 1),
  (408, 1),
  (409, 1),
  (410, 1),
  (411, 1),
  (412, 1),
  (413, 1),
  (414, 1);
INSERT INTO PUBLIC.RESERVATION_SEATS (RESERVATION_ID, SEATS_ID) VALUES
  (415, 1),
  (416, 1),
  (417, 1),
  (418, 1),
  (419, 1),
  (420, 1),
  (421, 1),
  (422, 1),
  (423, 1),
  (424, 1),
  (425, 1),
  (426, 1),
  (427, 1),
  (428, 1),
  (429, 1),
  (430, 1),
  (431, 1),
  (432, 1),
  (433, 1),
  (434, 1),
  (435, 1),
  (436, 1),
  (437, 1),
  (438, 1),
  (439, 1),
  (440, 1),
  (441, 1),
  (442, 1),
  (443, 1),
  (444, 1),
  (445, 1),
  (446, 1),
  (447, 1),
  (448, 1),
  (449, 1),
  (450, 1),
  (451, 1),
  (452, 1),
  (453, 1),
  (454, 1),
  (455, 1),
  (456, 1),
  (457, 1),
  (458, 1),
  (459, 1),
  (460, 1),
  (461, 1),
  (462, 1),
  (463, 1),
  (464, 1),
  (465, 1),
  (466, 1),
  (467, 1),
  (468, 1),
  (469, 1),
  (470, 1),
  (471, 1),
  (472, 1),
  (473, 1),
  (474, 1),
  (475, 1),
  (476, 1),
  (477, 1),
  (478, 1),
  (479, 1),
  (480, 1),
  (481, 1),
  (482, 1),
  (483, 1),
  (484, 1),
  (485, 1),
  (486, 1),
  (487, 1),
  (488, 1),
  (489, 1),
  (490, 1),
  (491, 1),
  (492, 1),
  (493, 1),
  (494, 1),
  (495, 1),
  (496, 1),
  (497, 1),
  (498, 1),
  (499, 1),
  (500, 1),
  (501, 1),
  (502, 1),
  (503, 1),
  (504, 1),
  (505, 1),
  (506, 1),
  (507, 1),
  (508, 1),
  (509, 1),
  (510, 1),
  (511, 1),
  (512, 1),
  (513, 1),
  (514, 1),
  (515, 1),
  (516, 1),
  (517, 1),
  (518, 1),
  (519, 1),
  (520, 1),
  (521, 1),
  (522, 1),
  (523, 1),
  (524, 1),
  (525, 1),
  (526, 1),
  (527, 1),
  (528, 1),
  (529, 1),
  (530, 1),
  (531, 1),
  (532, 1),
  (533, 1),
  (534, 1),
  (535, 1),
  (536, 1),
  (537, 1),
  (538, 1),
  (539, 1),
  (540, 1),
  (541, 1),
  (542, 1),
  (543, 1),
  (544, 1),
  (545, 1),
  (546, 1),
  (547, 1),
  (548, 1),
  (549, 1),
  (550, 1),
  (551, 1),
  (552, 1),
  (553, 1),
  (554, 1),
  (555, 1),
  (556, 1),
  (557, 1),
  (558, 1),
  (559, 1),
  (560, 1),
  (561, 1),
  (562, 1),
  (563, 1),
  (564, 1),
  (565, 1),
  (566, 1),
  (567, 1),
  (568, 1),
  (569, 1),
  (570, 1),
  (571, 1),
  (572, 1),
  (573, 1),
  (574, 1),
  (575, 1),
  (576, 1),
  (577, 1),
  (578, 1),
  (579, 1),
  (580, 1),
  (581, 1),
  (582, 1),
  (583, 1),
  (584, 1),
  (585, 1),
  (586, 1),
  (587, 1),
  (588, 1),
  (589, 1),
  (590, 1),
  (591, 1),
  (592, 1),
  (593, 1),
  (594, 1),
  (595, 1),
  (596, 1),
  (597, 1),
  (598, 1),
  (599, 1),
  (600, 1),
  (601, 1),
  (602, 1),
  (603, 1),
  (604, 1),
  (605, 1),
  (606, 1),
  (607, 1),
  (608, 1),
  (609, 1),
  (610, 1),
  (611, 1),
  (612, 1),
  (613, 1),
  (614, 1),
  (615, 1),
  (616, 1),
  (617, 1),
  (618, 1),
  (619, 1),
  (620, 1),
  (621, 1),
  (622, 1),
  (623, 1),
  (624, 1),
  (625, 1),
  (626, 1),
  (627, 1),
  (628, 1),
  (629, 1),
  (630, 1),
  (631, 1),
  (632, 1),
  (633, 1),
  (634, 1),
  (635, 1),
  (636, 1),
  (637, 1),
  (638, 1),
  (639, 1),
  (640, 1),
  (641, 1),
  (642, 1),
  (643, 1),
  (644, 1),
  (645, 1),
  (646, 1),
  (647, 1),
  (648, 1),
  (649, 1),
  (650, 1),
  (651, 1),
  (652, 1),
  (653, 1),
  (654, 1),
  (655, 1),
  (656, 1),
  (657, 1),
  (658, 1),
  (659, 1),
  (660, 1),
  (661, 1),
  (662, 1),
  (663, 1),
  (664, 1),
  (665, 1),
  (666, 1),
  (667, 1),
  (668, 1),
  (669, 1),
  (670, 1),
  (671, 1),
  (672, 1),
  (673, 1),
  (674, 1),
  (675, 1),
  (676, 1),
  (677, 1),
  (678, 1),
  (679, 1),
  (680, 1),
  (681, 1),
  (682, 1),
  (683, 1),
  (684, 1),
  (685, 1),
  (686, 1),
  (687, 1),
  (688, 1),
  (689, 1),
  (690, 1),
  (691, 1),
  (692, 1),
  (693, 1),
  (694, 1),
  (695, 1),
  (696, 1),
  (697, 1),
  (698, 1),
  (699, 1),
  (700, 1),
  (701, 1),
  (702, 1),
  (703, 1),
  (704, 1),
  (705, 1),
  (706, 1),
  (707, 1),
  (708, 1),
  (709, 1),
  (710, 1),
  (711, 1),
  (712, 1),
  (713, 1),
  (714, 1),
  (715, 1),
  (716, 1),
  (717, 1),
  (718, 1),
  (719, 1),
  (720, 1),
  (721, 1),
  (722, 1),
  (723, 1),
  (724, 1),
  (725, 1),
  (726, 1),
  (727, 1),
  (728, 1),
  (729, 1),
  (730, 1),
  (731, 1),
  (732, 1),
  (733, 1),
  (734, 1),
  (735, 1),
  (736, 1),
  (737, 1),
  (738, 1),
  (739, 1),
  (740, 1),
  (741, 1),
  (742, 1),
  (743, 1),
  (744, 1),
  (745, 1),
  (746, 1),
  (747, 1),
  (748, 1),
  (749, 1),
  (750, 1),
  (751, 1),
  (752, 1),
  (753, 1),
  (754, 1),
  (755, 1),
  (756, 1),
  (757, 1),
  (758, 1),
  (759, 1),
  (760, 1),
  (761, 1),
  (762, 1),
  (763, 1),
  (764, 1),
  (765, 1),
  (766, 1),
  (767, 1),
  (768, 1),
  (769, 1),
  (770, 1),
  (771, 1),
  (772, 1),
  (773, 1),
  (774, 1),
  (775, 1),
  (776, 1),
  (777, 1),
  (778, 1),
  (779, 1),
  (780, 1),
  (781, 1),
  (782, 1),
  (783, 1),
  (784, 1),
  (785, 1),
  (786, 1),
  (787, 1),
  (788, 1),
  (789, 1),
  (790, 1),
  (791, 1),
  (792, 1),
  (793, 1),
  (794, 1),
  (795, 1),
  (796, 1),
  (797, 1),
  (798, 1),
  (799, 1),
  (800, 1),
  (801, 1),
  (802, 1),
  (803, 1),
  (804, 1),
  (805, 1),
  (806, 1),
  (807, 1),
  (808, 1),
  (809, 1),
  (810, 1),
  (811, 1),
  (812, 1),
  (813, 1),
  (814, 1),
  (815, 1),
  (816, 1),
  (817, 1);
INSERT INTO PUBLIC.RESERVATION_SEATS (RESERVATION_ID, SEATS_ID) VALUES
  (818, 1),
  (819, 1),
  (820, 1),
  (821, 1),
  (822, 1),
  (823, 1),
  (824, 1),
  (825, 1),
  (826, 1),
  (827, 1),
  (828, 1),
  (829, 1),
  (830, 1),
  (831, 1),
  (832, 1),
  (833, 1),
  (834, 1),
  (835, 1),
  (836, 1),
  (837, 1),
  (838, 1),
  (839, 1),
  (840, 1),
  (841, 1),
  (842, 1),
  (843, 1),
  (844, 1),
  (845, 1),
  (846, 1),
  (847, 1),
  (848, 1),
  (849, 1),
  (850, 1),
  (851, 1),
  (852, 1),
  (853, 1),
  (854, 1),
  (855, 1),
  (856, 1),
  (857, 1),
  (858, 1),
  (859, 1),
  (860, 1),
  (861, 1),
  (862, 1),
  (863, 1),
  (864, 1),
  (865, 1),
  (866, 1),
  (867, 1),
  (868, 1),
  (869, 1),
  (870, 1),
  (871, 1),
  (872, 1),
  (873, 1),
  (874, 1),
  (875, 1),
  (876, 1),
  (877, 1),
  (878, 1),
  (879, 1),
  (880, 1),
  (881, 1),
  (882, 1),
  (883, 1),
  (884, 1),
  (885, 1),
  (886, 1),
  (887, 1),
  (888, 1),
  (889, 1),
  (890, 1),
  (891, 1),
  (892, 1),
  (893, 1),
  (894, 1),
  (895, 1),
  (896, 1),
  (897, 1),
  (898, 1),
  (899, 1),
  (900, 1),
  (901, 1),
  (902, 1),
  (903, 1),
  (904, 1),
  (905, 1),
  (906, 1),
  (907, 1),
  (908, 1),
  (909, 1),
  (910, 1),
  (911, 1),
  (912, 1),
  (913, 1),
  (914, 1),
  (915, 1),
  (916, 1),
  (917, 1),
  (918, 1),
  (919, 1),
  (920, 1),
  (921, 1),
  (922, 1),
  (923, 1),
  (924, 1),
  (925, 1),
  (926, 1),
  (927, 1),
  (928, 1),
  (929, 1),
  (930, 1),
  (931, 1),
  (932, 1),
  (933, 1),
  (934, 1),
  (935, 1),
  (936, 1),
  (937, 1),
  (938, 1),
  (939, 1),
  (940, 1),
  (941, 1),
  (942, 1),
  (943, 1),
  (944, 1),
  (945, 1),
  (946, 1),
  (947, 1),
  (948, 1),
  (949, 1),
  (950, 1),
  (951, 1),
  (952, 1),
  (953, 1),
  (954, 1),
  (955, 1),
  (956, 1),
  (957, 1),
  (958, 1),
  (959, 1),
  (960, 1),
  (961, 1),
  (962, 1),
  (963, 1),
  (964, 1),
  (965, 1),
  (966, 1),
  (967, 1),
  (968, 1),
  (969, 1),
  (970, 1),
  (971, 1),
  (972, 1),
  (973, 1),
  (974, 1),
  (975, 1),
  (976, 1),
  (977, 1),
  (978, 1),
  (979, 1),
  (980, 1),
  (981, 1),
  (982, 1),
  (983, 1),
  (984, 1),
  (985, 1),
  (986, 1),
  (987, 1),
  (988, 1),
  (989, 1),
  (990, 1),
  (991, 1),
  (992, 1),
  (993, 1),
  (994, 1),
  (995, 1),
  (996, 1),
  (997, 1),
  (998, 1),
  (999, 1),
  (1000, 1),
  (1001, 1),
  (1002, 1),
  (1003, 1),
  (1004, 1),
  (1005, 1),
  (1006, 1),
  (1007, 1),
  (1008, 1),
  (1009, 1),
  (1010, 1),
  (1011, 1),
  (1012, 1),
  (1013, 1),
  (1014, 1),
  (1015, 1),
  (1016, 1),
  (1017, 1),
  (1018, 1),
  (1019, 1),
  (1020, 1),
  (1021, 1),
  (1022, 1),
  (1023, 1),
  (1024, 1),
  (1025, 1),
  (1026, 1),
  (1027, 1),
  (1028, 1),
  (1029, 1),
  (1030, 1),
  (1031, 1),
  (1032, 1),
  (1033, 1),
  (1034, 1),
  (1035, 1),
  (1036, 1),
  (1037, 1),
  (1038, 1),
  (1039, 1),
  (1040, 1),
  (1041, 1),
  (1042, 1),
  (1043, 1),
  (1044, 1),
  (1045, 1),
  (1046, 1),
  (1047, 1),
  (1048, 1),
  (1049, 1),
  (1050, 1),
  (1051, 1),
  (1052, 1),
  (1053, 1),
  (1054, 1),
  (1055, 1),
  (1056, 1),
  (1057, 1),
  (1058, 1),
  (1059, 1),
  (1060, 1),
  (1061, 1),
  (1062, 1),
  (1063, 1),
  (1064, 1),
  (1065, 1),
  (1066, 1),
  (1067, 1),
  (1068, 1),
  (1069, 1),
  (1070, 1),
  (1071, 1),
  (1072, 1),
  (1073, 1),
  (1074, 1),
  (1075, 1),
  (1076, 1),
  (1077, 1),
  (1078, 1),
  (1079, 1),
  (1080, 1),
  (1081, 1),
  (1082, 1),
  (1083, 1),
  (1084, 1),
  (1085, 1),
  (1086, 1),
  (1087, 1),
  (1088, 1),
  (1089, 1),
  (1090, 1),
  (1091, 1),
  (1092, 1),
  (1093, 1),
  (1094, 1),
  (1095, 1),
  (1096, 1),
  (1097, 1),
  (1098, 1),
  (1099, 1),
  (1100, 1),
  (1101, 1),
  (1102, 1),
  (1103, 1),
  (1104, 1),
  (1105, 1),
  (1106, 1),
  (1107, 1),
  (1108, 1),
  (1109, 1),
  (1110, 1),
  (1111, 1),
  (1112, 1),
  (1113, 1),
  (1114, 1),
  (1115, 1),
  (1116, 1),
  (1117, 1),
  (1118, 1),
  (1119, 1),
  (1120, 1),
  (1121, 1),
  (1122, 1),
  (1123, 1),
  (1124, 1),
  (1125, 1),
  (1126, 1),
  (1127, 1),
  (1128, 1),
  (1129, 1),
  (1130, 1),
  (1131, 1),
  (1132, 1),
  (1133, 1),
  (1134, 1),
  (1135, 1),
  (1136, 1),
  (1137, 1),
  (1138, 1),
  (1139, 1),
  (1140, 1),
  (1141, 1),
  (1142, 1),
  (1143, 1),
  (1144, 1),
  (1145, 1),
  (1146, 1),
  (1147, 1),
  (1148, 1),
  (1149, 1),
  (1150, 1),
  (1151, 1),
  (1152, 1),
  (1153, 1),
  (1154, 1),
  (1155, 1),
  (1156, 1),
  (1157, 1),
  (1158, 1),
  (1159, 1),
  (1160, 1),
  (1161, 1),
  (1162, 1),
  (1163, 1),
  (1164, 1),
  (1165, 1),
  (1166, 1),
  (1167, 1),
  (1168, 1),
  (1169, 1),
  (1170, 1),
  (1171, 1),
  (1172, 1),
  (1173, 1),
  (1174, 1),
  (1175, 1),
  (1176, 1),
  (1177, 1),
  (1178, 1),
  (1179, 1),
  (1180, 1),
  (1181, 1),
  (1182, 1),
  (1183, 1),
  (1184, 1),
  (1185, 1),
  (1186, 1),
  (1187, 1),
  (1188, 1),
  (1189, 1),
  (1190, 1),
  (1191, 1),
  (1192, 1),
  (1193, 1),
  (1194, 1),
  (1195, 1),
  (1196, 1),
  (1197, 1),
  (1198, 1),
  (1199, 1),
  (1200, 1);
INSERT INTO PUBLIC.RESERVATION_SEATS (RESERVATION_ID, SEATS_ID) VALUES
  (1201, 1),
  (1202, 1),
  (1203, 1),
  (1204, 1),
  (1205, 1),
  (1206, 1),
  (1207, 1),
  (1208, 1),
  (1209, 1),
  (1210, 1),
  (1211, 1),
  (1212, 1),
  (1213, 1),
  (1214, 1),
  (1215, 1),
  (1216, 1),
  (1217, 1),
  (1218, 1),
  (1219, 1),
  (1220, 1),
  (1221, 1),
  (1222, 1),
  (1223, 1),
  (1224, 1),
  (1225, 1),
  (1226, 1),
  (1227, 1),
  (1228, 1),
  (1229, 1),
  (1230, 1),
  (1231, 1),
  (1232, 1),
  (1233, 1),
  (1234, 1),
  (1235, 1),
  (1236, 1),
  (1237, 1),
  (1238, 1),
  (1239, 1),
  (1240, 1),
  (1241, 1),
  (1242, 1),
  (1243, 1),
  (1244, 1),
  (1245, 1),
  (1246, 1),
  (1247, 1),
  (1248, 1),
  (1249, 1),
  (1250, 1),
  (1251, 1),
  (1252, 1),
  (1253, 1),
  (1254, 1),
  (1255, 1),
  (1256, 1),
  (1257, 1),
  (1258, 1),
  (1259, 1),
  (1260, 1),
  (1261, 1),
  (1262, 1),
  (1263, 1),
  (1264, 1),
  (1265, 1),
  (1266, 1),
  (1267, 1),
  (1268, 1),
  (1269, 1),
  (1270, 1),
  (1271, 1),
  (1272, 1),
  (1273, 1),
  (1274, 1),
  (1275, 1),
  (1276, 1),
  (1277, 1),
  (1278, 1),
  (1279, 1),
  (1280, 1),
  (1281, 1),
  (1282, 1),
  (1283, 1),
  (1284, 1),
  (1285, 1),
  (1286, 1),
  (1287, 1),
  (1288, 1),
  (1289, 1),
  (1290, 1),
  (1291, 1),
  (1292, 1),
  (1293, 1),
  (1294, 1),
  (1295, 1),
  (1296, 1),
  (1297, 1),
  (1298, 1),
  (1299, 1),
  (1300, 1),
  (1301, 1),
  (1302, 1),
  (1303, 1),
  (1304, 1),
  (1305, 1),
  (1306, 1),
  (1307, 1),
  (1308, 1),
  (1309, 1),
  (1310, 1),
  (1311, 1),
  (1312, 1),
  (1313, 1),
  (1314, 1),
  (1315, 1),
  (1316, 1),
  (1317, 1),
  (1318, 1),
  (1319, 1),
  (1320, 1),
  (1321, 1),
  (1322, 1),
  (1323, 1),
  (1324, 1),
  (1325, 1),
  (1326, 1),
  (1327, 1),
  (1328, 1),
  (1329, 1),
  (1330, 1),
  (1331, 1),
  (1332, 1),
  (1333, 1),
  (1334, 1),
  (1335, 1),
  (1336, 1),
  (1337, 1),
  (1338, 1),
  (1339, 1),
  (1340, 1),
  (1341, 1),
  (1342, 1),
  (1343, 1),
  (1344, 1),
  (1345, 1),
  (1346, 1),
  (1347, 1),
  (1348, 1),
  (1349, 1),
  (1350, 1),
  (1351, 1),
  (1352, 1),
  (1353, 1),
  (1354, 1),
  (1355, 1),
  (1356, 1),
  (1357, 1),
  (1358, 1),
  (1359, 1),
  (1360, 1),
  (1361, 1),
  (1362, 1),
  (1363, 1),
  (1364, 1),
  (1365, 1),
  (1366, 1),
  (1367, 1),
  (1368, 1),
  (1369, 1),
  (1370, 1),
  (1371, 1),
  (1372, 1),
  (1373, 1),
  (1374, 1),
  (1375, 1),
  (1376, 1),
  (1377, 1),
  (1378, 1),
  (1379, 1),
  (1380, 1),
  (1381, 1),
  (1382, 1),
  (1383, 1),
  (1384, 1),
  (1385, 1),
  (1386, 1),
  (1387, 1),
  (1388, 1),
  (1389, 1),
  (1390, 1),
  (1391, 1),
  (1392, 1),
  (1393, 1),
  (1394, 1),
  (1395, 1),
  (1396, 1),
  (1397, 1),
  (1398, 1),
  (1399, 1),
  (1400, 1),
  (1401, 1),
  (1402, 1),
  (1403, 1),
  (1404, 1),
  (1405, 1),
  (1406, 1),
  (1407, 1),
  (1408, 1),
  (1409, 1),
  (1410, 1),
  (1411, 1),
  (1412, 1),
  (1413, 1),
  (1414, 1),
  (1415, 1),
  (1416, 1),
  (1417, 1),
  (1418, 1),
  (1419, 1),
  (1420, 1),
  (1421, 1),
  (1422, 1),
  (1423, 1),
  (1424, 1),
  (1425, 1),
  (1426, 1),
  (1427, 1),
  (1428, 1),
  (1429, 1),
  (1430, 1),
  (1431, 1),
  (1432, 1),
  (1433, 1),
  (1434, 1),
  (1435, 1),
  (1436, 1),
  (1437, 1),
  (1438, 1),
  (1439, 1),
  (1440, 1),
  (1441, 1),
  (1442, 1),
  (1443, 1),
  (1444, 1),
  (1445, 1),
  (1446, 1),
  (1447, 1),
  (1448, 1),
  (1449, 1),
  (1450, 1),
  (1451, 1),
  (1452, 1),
  (1453, 1),
  (1454, 1),
  (1455, 1),
  (1456, 1),
  (1457, 1),
  (1458, 1),
  (1459, 1),
  (1460, 1),
  (1461, 1),
  (1462, 1),
  (1463, 1),
  (1464, 1),
  (1465, 1),
  (1466, 1),
  (1467, 1),
  (1468, 1),
  (1469, 1),
  (1470, 1),
  (1471, 1),
  (1472, 1),
  (1473, 1),
  (1474, 1),
  (1475, 1),
  (1476, 1),
  (1477, 1),
  (1478, 1),
  (1479, 1),
  (1480, 1),
  (1481, 1),
  (1482, 1),
  (1483, 1),
  (1484, 1),
  (1485, 1),
  (1486, 1),
  (1487, 1),
  (1488, 1),
  (1489, 1),
  (1490, 1),
  (1491, 1),
  (1492, 1),
  (1493, 1),
  (1494, 1),
  (1495, 1),
  (1496, 1),
  (1497, 1),
  (1498, 1),
  (1499, 1),
  (1500, 1),
  (1501, 1),
  (1502, 1),
  (1503, 1),
  (1504, 1),
  (1505, 1),
  (1506, 1),
  (1507, 1),
  (1508, 1),
  (1509, 1),
  (1510, 1),
  (1511, 1),
  (1512, 1),
  (1513, 1),
  (1514, 1),
  (1515, 1),
  (1516, 1),
  (1517, 1),
  (1518, 1),
  (1519, 1),
  (1520, 1),
  (1521, 1),
  (1522, 1),
  (1523, 1),
  (1524, 1),
  (1525, 1),
  (1526, 1),
  (1527, 1),
  (1528, 1),
  (1529, 1),
  (1530, 1),
  (1531, 1),
  (1532, 1),
  (1533, 1),
  (1534, 1),
  (1535, 1),
  (1536, 1),
  (1537, 1),
  (1538, 1),
  (1539, 1),
  (1540, 1),
  (1541, 1),
  (1542, 1),
  (1543, 1),
  (1544, 1),
  (1545, 1),
  (1546, 1),
  (1547, 1),
  (1548, 1),
  (1549, 1),
  (1550, 1),
  (1551, 1),
  (1552, 1),
  (1553, 1),
  (1554, 1),
  (1555, 1),
  (1556, 1),
  (1557, 1),
  (1558, 1),
  (1559, 1),
  (1560, 1),
  (1561, 1),
  (1562, 1),
  (1563, 1),
  (1564, 1),
  (1565, 1),
  (1566, 1),
  (1567, 1);
INSERT INTO PUBLIC.RESERVATION_SEATS (RESERVATION_ID, SEATS_ID) VALUES
  (1568, 1),
  (1569, 1),
  (1570, 1),
  (1571, 1),
  (1572, 1),
  (1573, 1),
  (1574, 1),
  (1575, 1),
  (1576, 1),
  (1577, 1),
  (1578, 1),
  (1579, 1),
  (1580, 1),
  (1581, 1),
  (1582, 1),
  (1583, 1),
  (1584, 1),
  (1585, 1),
  (1586, 1),
  (1587, 1),
  (1588, 1),
  (1589, 1),
  (1590, 1),
  (1591, 1),
  (1592, 1),
  (1593, 1),
  (1594, 1),
  (1595, 1),
  (1596, 1),
  (1597, 1),
  (1598, 1),
  (1599, 1),
  (1600, 1),
  (1601, 1),
  (1602, 1),
  (1603, 1),
  (1604, 1),
  (1605, 1),
  (1606, 1),
  (1607, 1),
  (1608, 1),
  (1609, 1),
  (1610, 1),
  (1611, 1),
  (1612, 1),
  (1613, 1),
  (1614, 1),
  (1615, 1),
  (1616, 1),
  (1617, 1),
  (1618, 1),
  (1619, 1),
  (1620, 1),
  (1621, 1),
  (1622, 1),
  (1623, 1),
  (1624, 1),
  (1625, 1),
  (1626, 1),
  (1627, 1),
  (1628, 1),
  (1629, 1),
  (1630, 1),
  (1631, 1),
  (1632, 1),
  (1633, 1),
  (1634, 1),
  (1635, 1),
  (1636, 1),
  (1637, 1),
  (1638, 1),
  (1639, 1),
  (1640, 1),
  (1641, 1),
  (1642, 1),
  (1643, 1),
  (1644, 1),
  (1645, 1),
  (1646, 1),
  (1647, 1),
  (1648, 1),
  (1649, 1),
  (1650, 1),
  (1651, 1),
  (1652, 1),
  (1653, 1),
  (1654, 1),
  (1655, 1),
  (1656, 1),
  (1657, 1),
  (1658, 1),
  (1659, 1),
  (1660, 1),
  (1661, 1),
  (1662, 1),
  (1663, 1),
  (1664, 1),
  (1665, 1),
  (1666, 1),
  (1667, 1),
  (1668, 1),
  (1669, 1),
  (1670, 1),
  (1671, 1),
  (1672, 1),
  (1673, 1),
  (1674, 1),
  (1675, 1),
  (1676, 1),
  (1677, 1),
  (1678, 1),
  (1679, 1),
  (1680, 1),
  (1681, 1),
  (1682, 1),
  (1683, 1),
  (1684, 1),
  (1685, 1),
  (1686, 1),
  (1687, 1),
  (1688, 1),
  (1689, 1),
  (1690, 1),
  (1691, 1),
  (1692, 1),
  (1693, 1),
  (1694, 1),
  (1695, 1),
  (1696, 1),
  (1697, 1),
  (1698, 1),
  (1699, 1),
  (1700, 1),
  (1701, 1),
  (1702, 1),
  (1703, 1),
  (1704, 1),
  (1705, 1),
  (1706, 1),
  (1707, 1),
  (1708, 1),
  (1709, 1),
  (1710, 1),
  (1711, 1),
  (1712, 1),
  (1713, 1),
  (1714, 1),
  (1715, 1),
  (1716, 1),
  (1717, 1),
  (1718, 1),
  (1719, 1),
  (1720, 1),
  (1721, 1),
  (1722, 1),
  (1723, 1),
  (1724, 1),
  (1725, 1),
  (1726, 1),
  (1727, 1),
  (1728, 1),
  (1729, 1),
  (1730, 1),
  (1731, 1),
  (1732, 1),
  (1733, 1),
  (1734, 1),
  (1735, 1),
  (1736, 1),
  (1737, 1),
  (1738, 1),
  (1739, 1),
  (1740, 1),
  (1741, 1),
  (1742, 1),
  (1743, 1),
  (1744, 1),
  (1745, 1),
  (1746, 1),
  (1747, 1),
  (1748, 1),
  (1749, 1),
  (1750, 1),
  (1751, 1),
  (1752, 1),
  (1753, 1),
  (1754, 1),
  (1755, 1),
  (1756, 1),
  (1757, 1),
  (1758, 1),
  (1759, 1),
  (1760, 1),
  (1761, 1),
  (1762, 1),
  (1763, 1),
  (1764, 1),
  (1765, 1),
  (1766, 1),
  (1767, 1),
  (1768, 1),
  (1769, 1),
  (1770, 1),
  (1771, 1),
  (1772, 1),
  (1773, 1),
  (1774, 1),
  (1775, 1),
  (1776, 1),
  (1777, 1),
  (1778, 1),
  (1779, 1),
  (1780, 1),
  (1781, 1),
  (1782, 1),
  (1783, 1),
  (1784, 1),
  (1785, 1),
  (1786, 1),
  (1787, 1),
  (1788, 1),
  (1789, 1),
  (1790, 1),
  (1791, 1),
  (1792, 1),
  (1793, 1),
  (1794, 1),
  (1795, 1),
  (1796, 1),
  (1797, 1),
  (1798, 1),
  (1799, 1),
  (1800, 1),
  (1801, 1),
  (1802, 1),
  (1803, 1),
  (1804, 1),
  (1805, 1),
  (1806, 1),
  (1807, 1),
  (1808, 1),
  (1809, 1),
  (1810, 1),
  (1811, 1),
  (1812, 1),
  (1813, 1),
  (1814, 1),
  (1815, 1),
  (1816, 1),
  (1817, 1),
  (1818, 1),
  (1819, 1),
  (1820, 1),
  (1821, 1),
  (1822, 1),
  (1823, 1),
  (1824, 1),
  (1825, 1),
  (1826, 1),
  (1827, 1),
  (1828, 1),
  (1829, 1),
  (1830, 1),
  (1831, 1),
  (1832, 1),
  (1833, 1),
  (1834, 1),
  (1835, 1),
  (1836, 1),
  (1837, 1),
  (1838, 1),
  (1839, 1),
  (1840, 1),
  (1841, 1),
  (1842, 1),
  (1843, 1),
  (1844, 1),
  (1845, 1),
  (1846, 1),
  (1847, 1),
  (1848, 1),
  (1849, 1),
  (1850, 1),
  (1851, 1),
  (1852, 1),
  (1853, 1),
  (1854, 1),
  (1855, 1),
  (1856, 1),
  (1857, 1),
  (1858, 1),
  (1859, 1),
  (1860, 1),
  (1861, 1),
  (1862, 1),
  (1863, 1),
  (1864, 1),
  (1865, 1),
  (1866, 1),
  (1867, 1),
  (1868, 1),
  (1869, 1),
  (1870, 1),
  (1871, 1),
  (1872, 1),
  (1873, 1),
  (1874, 1),
  (1875, 1),
  (1876, 1),
  (1877, 1),
  (1878, 1),
  (1879, 1),
  (1880, 1),
  (1881, 1),
  (1882, 1),
  (1883, 1),
  (1884, 1),
  (1885, 1),
  (1886, 1),
  (1887, 1),
  (1888, 1),
  (1889, 1),
  (1890, 1),
  (1891, 1),
  (1892, 1),
  (1893, 1),
  (1894, 1),
  (1895, 1),
  (1896, 1),
  (1897, 1),
  (1898, 1),
  (1899, 1),
  (1900, 1),
  (1901, 1),
  (1902, 1),
  (1903, 1),
  (1904, 1),
  (1905, 1),
  (1906, 1),
  (1907, 1),
  (1908, 1),
  (1909, 1),
  (1910, 1),
  (1911, 1),
  (1912, 1),
  (1913, 1),
  (1914, 1),
  (1915, 1),
  (1916, 1),
  (1917, 1),
  (1918, 1),
  (1919, 1),
  (1920, 1),
  (1921, 1),
  (1922, 1),
  (1923, 1),
  (1924, 1),
  (1925, 1),
  (1926, 1),
  (1927, 1),
  (1928, 1),
  (1929, 1),
  (1930, 1),
  (1931, 1),
  (1932, 1),
  (1933, 1),
  (1934, 1);
INSERT INTO PUBLIC.RESERVATION_SEATS (RESERVATION_ID, SEATS_ID) VALUES
  (1935, 1),
  (1936, 1),
  (1937, 1),
  (1938, 1),
  (1939, 1),
  (1940, 1),
  (1941, 1),
  (1942, 1),
  (1943, 1),
  (1944, 1),
  (1945, 1),
  (1946, 1),
  (1947, 1),
  (1948, 1),
  (1949, 1),
  (1950, 1),
  (1951, 1),
  (1952, 1),
  (1953, 1),
  (1954, 1),
  (1955, 1),
  (1956, 1),
  (1957, 1),
  (1958, 1),
  (1959, 1),
  (1960, 1),
  (1961, 1),
  (1962, 1),
  (1963, 1),
  (1964, 1),
  (1965, 1),
  (1966, 1),
  (1967, 1),
  (1968, 1),
  (1969, 1),
  (1970, 1),
  (1971, 1),
  (1972, 1),
  (1973, 1),
  (1974, 1),
  (1975, 1),
  (1976, 1),
  (1977, 1),
  (1978, 1),
  (1979, 1),
  (1980, 1),
  (1981, 1),
  (1982, 1),
  (1983, 1),
  (1984, 1),
  (1985, 1),
  (1986, 1),
  (1987, 1),
  (1988, 1),
  (1989, 1),
  (1990, 1),
  (1991, 1),
  (1992, 1),
  (1993, 1),
  (1994, 1),
  (1995, 1),
  (1996, 1),
  (1997, 1),
  (1998, 1),
  (1999, 1),
  (2000, 1),
  (2001, 1),
  (2002, 1),
  (2003, 1),
  (2004, 1),
  (2005, 1),
  (2006, 1),
  (2007, 1),
  (2008, 1),
  (2009, 1),
  (2010, 1),
  (2011, 1),
  (2012, 1),
  (2013, 1),
  (2014, 1),
  (2015, 1),
  (2016, 1),
  (2017, 1),
  (2018, 1),
  (2019, 1),
  (2020, 1),
  (2021, 1),
  (2022, 1),
  (2023, 1),
  (2024, 1),
  (2025, 1),
  (2026, 1),
  (2027, 1),
  (2028, 1),
  (2029, 1),
  (2030, 1),
  (2031, 1),
  (2032, 1),
  (2033, 1),
  (2034, 1),
  (2035, 1),
  (2036, 1),
  (2037, 1),
  (2038, 1),
  (2039, 1),
  (2040, 1),
  (2041, 1),
  (2042, 1),
  (2043, 1),
  (2044, 1),
  (2045, 1),
  (2046, 1),
  (2047, 1),
  (2048, 1),
  (2049, 1),
  (2050, 1),
  (2051, 1),
  (2052, 1),
  (2053, 1),
  (2054, 1),
  (2055, 1),
  (2056, 1),
  (2057, 1),
  (2058, 1),
  (2059, 1),
  (2060, 1),
  (2061, 1),
  (2062, 1),
  (2063, 1),
  (2064, 1),
  (2065, 1),
  (2066, 1),
  (2067, 1),
  (2068, 1),
  (2069, 1),
  (2070, 1),
  (2071, 1),
  (2072, 1),
  (2073, 1),
  (2074, 1),
  (2075, 1),
  (2076, 1),
  (2077, 1),
  (2078, 1),
  (2079, 1),
  (2080, 1),
  (2081, 1),
  (2082, 1),
  (2083, 1),
  (2084, 1),
  (2085, 1),
  (2086, 1),
  (2087, 1),
  (2088, 1),
  (2089, 1),
  (2090, 1),
  (2091, 1),
  (2092, 1),
  (2093, 1),
  (2094, 1),
  (2095, 1),
  (2096, 1),
  (2097, 1),
  (2098, 1),
  (2099, 1),
  (2100, 1),
  (2101, 1),
  (2102, 1),
  (2103, 1),
  (2104, 1),
  (2105, 1),
  (2106, 1),
  (2107, 1),
  (2108, 1),
  (2109, 1),
  (2110, 1),
  (2111, 1),
  (2112, 1),
  (2113, 1),
  (2114, 1),
  (2115, 1),
  (2116, 1),
  (2117, 1),
  (2118, 1),
  (2119, 1),
  (2120, 1),
  (2121, 1),
  (2122, 1),
  (2123, 1),
  (2124, 1),
  (2125, 1),
  (2126, 1),
  (2127, 1),
  (2128, 1),
  (2129, 1),
  (2130, 1),
  (2131, 1),
  (2132, 1),
  (2133, 1),
  (2134, 1),
  (2135, 1),
  (2136, 1),
  (2137, 1),
  (2138, 1),
  (2139, 1),
  (2140, 1),
  (2141, 1),
  (2142, 1),
  (2143, 1),
  (2144, 1),
  (2145, 1),
  (2146, 1),
  (2147, 1),
  (2148, 1),
  (2149, 1),
  (2150, 1),
  (2151, 1),
  (2152, 1),
  (2153, 1),
  (2154, 1),
  (2155, 1),
  (2156, 1),
  (2157, 1),
  (2158, 1),
  (2159, 1),
  (2160, 1),
  (2161, 1),
  (2162, 1),
  (2163, 1),
  (2164, 1),
  (2165, 1),
  (2166, 1),
  (2167, 1),
  (2168, 1),
  (2169, 1),
  (2170, 1),
  (2171, 1),
  (2172, 1),
  (2173, 1),
  (2174, 1),
  (2175, 1),
  (2176, 1),
  (2177, 1),
  (2178, 1),
  (2179, 1),
  (2180, 1),
  (2181, 1),
  (2182, 1),
  (2183, 1),
  (2184, 1),
  (2185, 1),
  (2186, 1),
  (2187, 1),
  (2188, 1),
  (2189, 1),
  (2190, 1),
  (2191, 1),
  (2192, 1),
  (2193, 1),
  (2194, 1),
  (2195, 1),
  (2196, 1),
  (2197, 1),
  (2198, 1),
  (2199, 1),
  (2200, 1),
  (2201, 1),
  (2202, 1),
  (2203, 1),
  (2204, 1),
  (2205, 1),
  (2206, 1),
  (2207, 1),
  (2208, 1),
  (2209, 1),
  (2210, 1),
  (2211, 1),
  (2212, 1),
  (2213, 1),
  (2214, 1),
  (2215, 1),
  (2216, 1),
  (2217, 1),
  (2218, 1),
  (2219, 1),
  (2220, 1),
  (2221, 1),
  (2222, 1),
  (2223, 1),
  (2224, 1),
  (2225, 1),
  (2226, 1),
  (2227, 1),
  (2228, 1),
  (2229, 1),
  (2230, 1),
  (2231, 1),
  (2232, 1),
  (2233, 1),
  (2234, 1),
  (2235, 1),
  (2236, 1),
  (2237, 1),
  (2238, 1),
  (2239, 1),
  (2240, 1),
  (2241, 1),
  (2242, 1),
  (2243, 1),
  (2244, 1),
  (2245, 1),
  (2246, 1),
  (2247, 1),
  (2248, 1),
  (2249, 1),
  (2250, 1),
  (2251, 1),
  (2252, 1),
  (2253, 1),
  (2254, 1),
  (2255, 1),
  (2256, 1),
  (2257, 1),
  (2258, 1),
  (2259, 1),
  (2260, 1),
  (2261, 1),
  (2262, 1),
  (2263, 1),
  (2264, 1),
  (2265, 1),
  (2266, 1),
  (2267, 1),
  (2268, 1),
  (2269, 1),
  (2270, 1),
  (2271, 1),
  (2272, 1),
  (2273, 1),
  (2274, 1),
  (2275, 1),
  (2276, 1),
  (2277, 1),
  (2278, 1),
  (2279, 1),
  (2280, 1),
  (2281, 1),
  (2282, 1),
  (2283, 1),
  (2284, 1),
  (2285, 1),
  (2286, 1),
  (2287, 1),
  (2288, 1),
  (2289, 1),
  (2290, 1),
  (2291, 1),
  (2292, 1),
  (2293, 1),
  (2294, 1),
  (2295, 1),
  (2296, 1),
  (2297, 1),
  (2298, 1),
  (2299, 1),
  (2300, 1),
  (2301, 1);
INSERT INTO PUBLIC.RESERVATION_SEATS (RESERVATION_ID, SEATS_ID) VALUES
  (2302, 1),
  (2303, 1),
  (2304, 1),
  (2305, 1),
  (2306, 1),
  (2307, 1),
  (2308, 1),
  (2309, 1),
  (2310, 1),
  (2311, 1),
  (2312, 1),
  (2313, 1),
  (2314, 1),
  (2315, 1),
  (2316, 1),
  (2317, 1),
  (2318, 1),
  (2319, 1),
  (2320, 1),
  (2321, 1),
  (2322, 1),
  (2323, 1),
  (2324, 1),
  (2325, 1),
  (2326, 1),
  (2327, 1),
  (2328, 1),
  (2329, 1),
  (2330, 1),
  (2331, 1),
  (2332, 1),
  (2333, 1),
  (2334, 1),
  (2335, 1),
  (2336, 1),
  (2337, 1),
  (2338, 1),
  (2339, 1),
  (2340, 1),
  (2341, 1),
  (2342, 1),
  (2343, 1),
  (2344, 1),
  (2345, 1),
  (2346, 1),
  (2347, 1),
  (2348, 1),
  (2349, 1),
  (2350, 1),
  (2351, 1),
  (2352, 1),
  (2353, 1),
  (2354, 1),
  (2355, 1),
  (2356, 1),
  (2357, 1),
  (2358, 1),
  (2359, 1),
  (2360, 1),
  (2361, 1),
  (2362, 1),
  (2363, 1),
  (2364, 1),
  (2365, 1),
  (2366, 1),
  (2367, 1),
  (2368, 1),
  (2369, 1),
  (2370, 1),
  (2371, 1),
  (2372, 1),
  (2373, 1),
  (2374, 1),
  (2375, 1),
  (2376, 1),
  (2377, 1),
  (2378, 1),
  (2379, 1),
  (2380, 1),
  (2381, 1),
  (2382, 1),
  (2383, 1),
  (2384, 1),
  (2385, 1),
  (2386, 1),
  (2387, 1),
  (2388, 1),
  (2389, 1),
  (2390, 1),
  (2391, 1),
  (2392, 1),
  (2393, 1),
  (2394, 1),
  (2395, 1),
  (2396, 1),
  (2397, 1),
  (2398, 1),
  (2399, 1),
  (2400, 1),
  (2401, 1),
  (2402, 1),
  (2403, 1),
  (2404, 1),
  (2405, 1),
  (2406, 1),
  (2407, 1),
  (2408, 1),
  (2409, 1),
  (2410, 1),
  (2411, 1),
  (2412, 1),
  (2413, 1),
  (2414, 1),
  (2415, 1),
  (2416, 1),
  (2417, 1),
  (2418, 1),
  (2419, 1),
  (2420, 1),
  (2421, 1),
  (2422, 1),
  (2423, 1),
  (2424, 1),
  (2425, 1),
  (2426, 1),
  (2427, 1),
  (2428, 1),
  (2429, 1),
  (2430, 1),
  (2431, 1),
  (2432, 1),
  (2433, 1),
  (2434, 1),
  (2435, 1),
  (2436, 1),
  (2437, 1),
  (2438, 1),
  (2439, 1),
  (2440, 1),
  (2441, 1),
  (2442, 1),
  (2443, 1),
  (2444, 1),
  (2445, 1),
  (2446, 1),
  (2447, 1),
  (2448, 1),
  (2449, 1),
  (2450, 1),
  (2451, 1),
  (2452, 1),
  (2453, 1),
  (2454, 1),
  (2455, 1),
  (2456, 1),
  (2457, 1),
  (2458, 1),
  (2459, 1),
  (2460, 1),
  (2461, 1),
  (2462, 1),
  (2463, 1),
  (2464, 1),
  (2465, 1),
  (2466, 1),
  (2467, 1),
  (2468, 1),
  (2469, 1),
  (2470, 1),
  (2471, 1),
  (2472, 1),
  (2473, 1),
  (2474, 1),
  (2475, 1),
  (2476, 1),
  (2477, 1),
  (2478, 1),
  (2479, 1),
  (2480, 1),
  (2481, 1),
  (2482, 1),
  (2483, 1),
  (2484, 1),
  (2485, 1),
  (2486, 1),
  (2487, 1),
  (2488, 1),
  (2489, 1),
  (2490, 1),
  (2491, 1),
  (2492, 1),
  (2493, 1),
  (2494, 1),
  (2495, 1),
  (2496, 1),
  (2497, 1),
  (2498, 1),
  (2499, 1),
  (2500, 1);
CREATE CACHED TABLE PUBLIC.SEAT (
  ID        BIGINT  NOT NULL,
  POSITIONX INTEGER NOT NULL,
  POSITIONY INTEGER NOT NULL,
  SECTOR_ID BIGINT
);
ALTER TABLE PUBLIC.SEAT
  ADD CONSTRAINT PUBLIC.CONSTRAINT_26 PRIMARY KEY (ID);
-- 300 +/- SELECT COUNT(*) FROM PUBLIC.SEAT;
INSERT INTO PUBLIC.SEAT (ID, POSITIONX, POSITIONY, SECTOR_ID) VALUES
  (1, 0, 0, 1),
  (2, 1, 0, 1),
  (3, 2, 0, 1),
  (4, 3, 0, 1),
  (5, 4, 0, 1),
  (6, 5, 0, 1),
  (7, 6, 0, 1),
  (8, 7, 0, 1),
  (9, 8, 0, 1),
  (10, 9, 0, 1),
  (11, 10, 0, 1),
  (12, 1, 1, 2),
  (13, 2, 1, 2),
  (14, 3, 1, 2),
  (15, 4, 1, 2),
  (16, 5, 1, 2),
  (17, 6, 1, 2),
  (18, 7, 1, 2),
  (19, 8, 1, 2),
  (20, 9, 1, 2),
  (21, 10, 1, 2),
  (22, 1, 2, 3),
  (23, 2, 2, 3),
  (24, 3, 2, 3),
  (25, 4, 2, 3),
  (26, 5, 2, 3),
  (27, 6, 2, 3),
  (28, 7, 2, 3),
  (29, 8, 2, 3),
  (30, 9, 2, 3),
  (31, 10, 2, 3),
  (32, 1, 3, 4),
  (33, 2, 3, 4),
  (34, 3, 3, 4),
  (35, 4, 3, 4),
  (36, 5, 3, 4),
  (37, 6, 3, 4),
  (38, 7, 3, 4),
  (39, 8, 3, 4),
  (40, 9, 3, 4),
  (41, 10, 3, 4),
  (42, 1, 4, 5),
  (43, 2, 4, 5),
  (44, 3, 4, 5),
  (45, 4, 4, 5),
  (46, 5, 4, 5),
  (47, 6, 4, 5),
  (48, 7, 4, 5),
  (49, 8, 4, 5),
  (50, 9, 4, 5),
  (51, 10, 4, 5),
  (52, 1, 5, 6),
  (53, 2, 5, 6),
  (54, 3, 5, 6),
  (55, 4, 5, 6),
  (56, 5, 5, 6),
  (57, 6, 5, 6),
  (58, 7, 5, 6),
  (59, 8, 5, 6),
  (60, 9, 5, 6),
  (61, 10, 5, 6),
  (62, 1, 6, 7),
  (63, 2, 6, 7),
  (64, 3, 6, 7),
  (65, 4, 6, 7),
  (66, 5, 6, 7),
  (67, 6, 6, 7),
  (68, 7, 6, 7),
  (69, 8, 6, 7),
  (70, 9, 6, 7),
  (71, 10, 6, 7),
  (72, 1, 7, 8),
  (73, 2, 7, 8),
  (74, 3, 7, 8),
  (75, 4, 7, 8),
  (76, 5, 7, 8),
  (77, 6, 7, 8),
  (78, 7, 7, 8),
  (79, 8, 7, 8),
  (80, 9, 7, 8),
  (81, 10, 7, 8),
  (82, 1, 8, 9),
  (83, 2, 8, 9),
  (84, 3, 8, 9),
  (85, 4, 8, 9),
  (86, 5, 8, 9),
  (87, 6, 8, 9),
  (88, 7, 8, 9),
  (89, 8, 8, 9),
  (90, 9, 8, 9),
  (91, 10, 8, 9),
  (92, 1, 9, 10),
  (93, 2, 9, 10),
  (94, 3, 9, 10),
  (95, 4, 9, 10),
  (96, 5, 9, 10),
  (97, 6, 9, 10),
  (98, 7, 9, 10),
  (99, 8, 9, 10),
  (100, 9, 9, 10),
  (101, 10, 9, 10),
  (102, 1, 10, 11),
  (103, 2, 10, 11),
  (104, 3, 10, 11),
  (105, 4, 10, 11),
  (106, 5, 10, 11),
  (107, 6, 10, 11),
  (108, 7, 10, 11),
  (109, 8, 10, 11),
  (110, 9, 10, 11),
  (111, 10, 10, 11),
  (112, 1, 11, 12),
  (113, 2, 11, 12),
  (114, 3, 11, 12),
  (115, 4, 11, 12),
  (116, 5, 11, 12),
  (117, 6, 11, 12),
  (118, 7, 11, 12),
  (119, 8, 11, 12),
  (120, 9, 11, 12),
  (121, 10, 11, 12),
  (122, 1, 12, 13),
  (123, 2, 12, 13),
  (124, 3, 12, 13),
  (125, 4, 12, 13),
  (126, 5, 12, 13),
  (127, 6, 12, 13),
  (128, 7, 12, 13),
  (129, 8, 12, 13),
  (130, 9, 12, 13),
  (131, 10, 12, 13),
  (132, 1, 13, 14),
  (133, 2, 13, 14),
  (134, 3, 13, 14),
  (135, 4, 13, 14),
  (136, 5, 13, 14),
  (137, 6, 13, 14),
  (138, 7, 13, 14),
  (139, 8, 13, 14),
  (140, 9, 13, 14),
  (141, 10, 13, 14),
  (142, 1, 14, 15),
  (143, 2, 14, 15),
  (144, 3, 14, 15),
  (145, 4, 14, 15),
  (146, 5, 14, 15),
  (147, 6, 14, 15),
  (148, 7, 14, 15),
  (149, 8, 14, 15),
  (150, 9, 14, 15),
  (151, 10, 14, 15),
  (152, 1, 15, 16),
  (153, 2, 15, 16),
  (154, 3, 15, 16),
  (155, 4, 15, 16),
  (156, 5, 15, 16),
  (157, 6, 15, 16),
  (158, 7, 15, 16),
  (159, 8, 15, 16),
  (160, 9, 15, 16),
  (161, 10, 15, 16),
  (162, 1, 16, 17),
  (163, 2, 16, 17),
  (164, 3, 16, 17),
  (165, 4, 16, 17),
  (166, 5, 16, 17),
  (167, 6, 16, 17),
  (168, 7, 16, 17),
  (169, 8, 16, 17),
  (170, 9, 16, 17),
  (171, 10, 16, 17),
  (172, 1, 17, 18),
  (173, 2, 17, 18),
  (174, 3, 17, 18),
  (175, 4, 17, 18),
  (176, 5, 17, 18),
  (177, 6, 17, 18),
  (178, 7, 17, 18),
  (179, 8, 17, 18),
  (180, 9, 17, 18),
  (181, 10, 17, 18),
  (182, 1, 18, 19),
  (183, 2, 18, 19),
  (184, 3, 18, 19),
  (185, 4, 18, 19),
  (186, 5, 18, 19),
  (187, 6, 18, 19),
  (188, 7, 18, 19),
  (189, 8, 18, 19),
  (190, 9, 18, 19),
  (191, 10, 18, 19),
  (192, 1, 19, 20),
  (193, 2, 19, 20),
  (194, 3, 19, 20),
  (195, 4, 19, 20),
  (196, 5, 19, 20),
  (197, 6, 19, 20),
  (198, 7, 19, 20),
  (199, 8, 19, 20),
  (200, 9, 19, 20),
  (201, 10, 19, 20),
  (202, 1, 20, 21),
  (203, 2, 20, 21),
  (204, 3, 20, 21),
  (205, 4, 20, 21),
  (206, 5, 20, 21),
  (207, 6, 20, 21),
  (208, 7, 20, 21),
  (209, 8, 20, 21),
  (210, 9, 20, 21),
  (211, 10, 20, 21),
  (212, 1, 21, 22),
  (213, 2, 21, 22),
  (214, 3, 21, 22),
  (215, 4, 21, 22),
  (216, 5, 21, 22),
  (217, 6, 21, 22),
  (218, 7, 21, 22),
  (219, 8, 21, 22),
  (220, 9, 21, 22),
  (221, 10, 21, 22),
  (222, 1, 22, 23),
  (223, 2, 22, 23),
  (224, 3, 22, 23),
  (225, 4, 22, 23),
  (226, 5, 22, 23),
  (227, 6, 22, 23),
  (228, 7, 22, 23),
  (229, 8, 22, 23),
  (230, 9, 22, 23),
  (231, 10, 22, 23),
  (232, 1, 23, 24),
  (233, 2, 23, 24),
  (234, 3, 23, 24),
  (235, 4, 23, 24),
  (236, 5, 23, 24),
  (237, 6, 23, 24),
  (238, 7, 23, 24),
  (239, 8, 23, 24),
  (240, 9, 23, 24);
INSERT INTO PUBLIC.SEAT (ID, POSITIONX, POSITIONY, SECTOR_ID) VALUES
  (241, 10, 23, 24),
  (242, 1, 24, 25),
  (243, 2, 24, 25),
  (244, 3, 24, 25),
  (245, 4, 24, 25),
  (246, 5, 24, 25),
  (247, 6, 24, 25),
  (248, 7, 24, 25),
  (249, 8, 24, 25),
  (250, 9, 24, 25),
  (251, 10, 24, 25),
  (252, 1, 25, 26),
  (253, 2, 25, 26),
  (254, 3, 25, 26),
  (255, 4, 25, 26),
  (256, 5, 25, 26),
  (257, 6, 25, 26),
  (258, 7, 25, 26),
  (259, 8, 25, 26),
  (260, 9, 25, 26),
  (261, 10, 25, 26),
  (262, 1, 26, 27),
  (263, 2, 26, 27),
  (264, 3, 26, 27),
  (265, 4, 26, 27),
  (266, 5, 26, 27),
  (267, 6, 26, 27),
  (268, 7, 26, 27),
  (269, 8, 26, 27),
  (270, 9, 26, 27),
  (271, 10, 26, 27),
  (272, 1, 27, 28),
  (273, 2, 27, 28),
  (274, 3, 27, 28),
  (275, 4, 27, 28),
  (276, 5, 27, 28),
  (277, 6, 27, 28),
  (278, 7, 27, 28),
  (279, 8, 27, 28),
  (280, 9, 27, 28),
  (281, 10, 27, 28),
  (282, 1, 28, 29),
  (283, 2, 28, 29),
  (284, 3, 28, 29),
  (285, 4, 28, 29),
  (286, 5, 28, 29),
  (287, 6, 28, 29),
  (288, 7, 28, 29),
  (289, 8, 28, 29),
  (290, 9, 28, 29),
  (291, 10, 28, 29),
  (292, 1, 29, 30),
  (293, 2, 29, 30),
  (294, 3, 29, 30),
  (295, 4, 29, 30),
  (296, 5, 29, 30),
  (297, 6, 29, 30),
  (298, 7, 29, 30),
  (299, 8, 29, 30),
  (300, 9, 29, 30);
CREATE CACHED TABLE PUBLIC.SECTOR (
  ID          BIGINT NOT NULL,
  CATEGORY_ID BIGINT,
  HALL_ID     BIGINT
);
ALTER TABLE PUBLIC.SECTOR
  ADD CONSTRAINT PUBLIC.CONSTRAINT_9 PRIMARY KEY (ID);
-- 30 +/- SELECT COUNT(*) FROM PUBLIC.SECTOR;
INSERT INTO PUBLIC.SECTOR (ID, CATEGORY_ID, HALL_ID) VALUES
  (1, 3, NULL),
  (2, 1, NULL),
  (3, 4, NULL),
  (4, 2, NULL),
  (5, 1, NULL),
  (6, 2, NULL),
  (7, 2, NULL),
  (8, 5, NULL),
  (9, 4, NULL),
  (10, 1, NULL),
  (11, 3, NULL),
  (12, 2, NULL),
  (13, 5, NULL),
  (14, 2, NULL),
  (15, 4, NULL),
  (16, 4, NULL),
  (17, 3, NULL),
  (18, 2, NULL),
  (19, 4, NULL),
  (20, 2, NULL),
  (21, 4, NULL),
  (22, 5, NULL),
  (23, 5, NULL),
  (24, 4, NULL),
  (25, 3, NULL),
  (26, 4, NULL),
  (27, 2, NULL),
  (28, 5, NULL),
  (29, 2, NULL),
  (30, 5, NULL);
CREATE CACHED TABLE PUBLIC.SECTOR_CATEGORY (
  ID             BIGINT         NOT NULL,
  BASE_PRICE_MOD DECIMAL(19, 2) NOT NULL,
  NAME           VARCHAR(64)    NOT NULL
);
ALTER TABLE PUBLIC.SECTOR_CATEGORY
  ADD CONSTRAINT PUBLIC.CONSTRAINT_5E PRIMARY KEY (ID);
-- 5 +/- SELECT COUNT(*) FROM PUBLIC.SECTOR_CATEGORY;
INSERT INTO PUBLIC.SECTOR_CATEGORY (ID, BASE_PRICE_MOD, NAME) VALUES
  (1, 0.77, 'nw4hej19omd'),
  (2, 0.75, 'j06qy5rjp'),
  (3, 0.83, 'yps7'),
  (4, 1.18, 'nj3nmuln'),
  (5, 0.11, '8gyaas1ur729');
CREATE CACHED TABLE PUBLIC.RESERVATION (
  ID             BIGINT  NOT NULL SELECTIVITY 100,
  PAID           BOOLEAN NOT NULL SELECTIVITY 1,
  PAID_AT        TIMESTAMP SELECTIVITY 50,
  PERFORMANCE_ID BIGINT SELECTIVITY 1,
  CUSTOMER_ID    BIGINT SELECTIVITY 1
);
ALTER TABLE PUBLIC.RESERVATION
  ADD CONSTRAINT PUBLIC.CONSTRAINT_23 PRIMARY KEY (ID);
-- 2500 +/- SELECT COUNT(*) FROM PUBLIC.RESERVATION;
INSERT INTO PUBLIC.RESERVATION (ID, PAID, PAID_AT, PERFORMANCE_ID, CUSTOMER_ID) VALUES
  (1, TRUE, TIMESTAMP '2018-06-24 16:40:57.176', 1, NULL),
  (2, FALSE, NULL, 1, NULL),
  (3, TRUE, TIMESTAMP '2018-01-20 16:40:57.27', 1, NULL),
  (4, FALSE, NULL, 1, NULL),
  (5, FALSE, NULL, 1, NULL),
  (6, TRUE, TIMESTAMP '2018-09-08 16:40:57.301', 1, NULL),
  (7, FALSE, NULL, 1, NULL),
  (8, FALSE, NULL, 1, NULL),
  (9, FALSE, NULL, 1, NULL),
  (10, FALSE, NULL, 1, NULL),
  (11, FALSE, NULL, 1, NULL),
  (12, FALSE, NULL, 1, NULL),
  (13, TRUE, TIMESTAMP '2018-10-14 16:40:57.395', 1, NULL),
  (14, FALSE, NULL, 1, NULL),
  (15, FALSE, NULL, 1, NULL),
  (16, FALSE, NULL, 1, NULL),
  (17, TRUE, TIMESTAMP '2018-04-08 16:40:57.442', 1, NULL),
  (18, FALSE, NULL, 1, NULL),
  (19, FALSE, NULL, 1, NULL),
  (20, TRUE, TIMESTAMP '2018-01-03 16:40:57.458', 1, NULL),
  (21, TRUE, TIMESTAMP '2018-01-19 16:40:57.489', 1, NULL),
  (22, TRUE, TIMESTAMP '2018-11-06 16:40:57.52', 1, NULL),
  (23, FALSE, NULL, 1, NULL),
  (24, TRUE, TIMESTAMP '2018-09-30 16:40:57.551', 1, NULL),
  (25, FALSE, NULL, 1, NULL),
  (26, TRUE, TIMESTAMP '2018-08-17 16:40:57.567', 1, NULL),
  (27, FALSE, NULL, 1, NULL),
  (28, FALSE, NULL, 1, NULL),
  (29, TRUE, TIMESTAMP '2018-05-01 16:40:57.598', 1, NULL),
  (30, TRUE, TIMESTAMP '2018-10-15 16:40:57.598', 1, NULL),
  (31, FALSE, NULL, 1, NULL),
  (32, TRUE, TIMESTAMP '2018-11-18 16:40:57.645', 1, NULL),
  (33, TRUE, TIMESTAMP '2018-12-16 16:40:57.645', 1, NULL),
  (34, TRUE, TIMESTAMP '2018-02-09 16:40:57.645', 1, NULL),
  (35, FALSE, NULL, 1, NULL),
  (36, FALSE, NULL, 1, NULL),
  (37, TRUE, TIMESTAMP '2018-03-12 16:40:57.692', 1, NULL),
  (38, FALSE, NULL, 1, NULL),
  (39, FALSE, NULL, 1, NULL),
  (40, TRUE, TIMESTAMP '2018-03-28 16:40:57.739', 1, NULL),
  (41, FALSE, NULL, 1, NULL),
  (42, TRUE, TIMESTAMP '2018-11-19 16:40:57.739', 1, NULL),
  (43, TRUE, TIMESTAMP '2018-08-28 16:40:57.77', 1, NULL),
  (44, TRUE, TIMESTAMP '2018-10-26 16:40:57.786', 1, NULL),
  (45, FALSE, NULL, 1, NULL),
  (46, FALSE, NULL, 1, NULL),
  (47, FALSE, NULL, 1, NULL),
  (48, TRUE, TIMESTAMP '2018-08-05 16:40:57.848', 1, NULL),
  (49, TRUE, TIMESTAMP '2018-03-19 16:40:57.879', 1, NULL),
  (50, TRUE, TIMESTAMP '2018-07-03 16:40:57.879', 1, NULL),
  (51, FALSE, NULL, 1, NULL),
  (52, TRUE, TIMESTAMP '2018-01-31 16:40:57.895', 1, NULL),
  (53, FALSE, NULL, 1, NULL),
  (54, FALSE, NULL, 1, NULL),
  (55, FALSE, NULL, 1, NULL),
  (56, TRUE, TIMESTAMP '2018-09-13 16:40:57.942', 1, NULL),
  (57, FALSE, NULL, 1, NULL),
  (58, TRUE, TIMESTAMP '2018-03-18 16:40:57.989', 1, NULL),
  (59, FALSE, NULL, 1, NULL),
  (60, TRUE, TIMESTAMP '2018-08-12 16:40:58.004', 1, NULL),
  (61, FALSE, NULL, 1, NULL),
  (62, FALSE, NULL, 1, NULL),
  (63, FALSE, NULL, 1, NULL),
  (64, TRUE, TIMESTAMP '2018-03-13 16:40:58.082', 1, NULL),
  (65, FALSE, NULL, 1, NULL),
  (66, FALSE, NULL, 1, NULL),
  (67, TRUE, TIMESTAMP '2018-05-30 16:40:58.129', 1, NULL),
  (68, TRUE, TIMESTAMP '2018-05-22 16:40:58.129', 1, NULL),
  (69, TRUE, TIMESTAMP '2018-11-28 16:40:58.145', 1, NULL),
  (70, FALSE, NULL, 1, NULL),
  (71, FALSE, NULL, 1, NULL),
  (72, FALSE, NULL, 1, NULL),
  (73, FALSE, NULL, 1, NULL),
  (74, TRUE, TIMESTAMP '2018-04-27 16:40:58.192', 1, NULL),
  (75, TRUE, TIMESTAMP '2018-05-26 16:40:58.192', 1, NULL),
  (76, FALSE, NULL, 1, NULL),
  (77, TRUE, TIMESTAMP '2018-12-04 16:40:58.223', 1, NULL),
  (78, FALSE, NULL, 1, NULL),
  (79, FALSE, NULL, 1, NULL),
  (80, TRUE, TIMESTAMP '2018-11-03 16:40:58.254', 1, NULL),
  (81, TRUE, TIMESTAMP '2018-05-01 16:40:58.286', 1, NULL),
  (82, TRUE, TIMESTAMP '2018-02-13 16:40:58.286', 1, NULL),
  (83, FALSE, NULL, 1, NULL),
  (84, FALSE, NULL, 1, NULL),
  (85, TRUE, TIMESTAMP '2018-01-22 16:40:58.332', 1, NULL),
  (86, TRUE, TIMESTAMP '2018-07-11 16:40:58.348', 1, NULL),
  (87, TRUE, TIMESTAMP '2018-09-12 16:40:58.348', 1, NULL),
  (88, FALSE, NULL, 1, NULL),
  (89, FALSE, NULL, 1, NULL),
  (90, TRUE, TIMESTAMP '2018-12-21 16:40:58.395', 1, NULL),
  (91, FALSE, NULL, 1, NULL),
  (92, TRUE, TIMESTAMP '2018-04-11 16:40:58.411', 1, NULL),
  (93, TRUE, TIMESTAMP '2018-08-08 16:40:58.426', 1, NULL),
  (94, FALSE, NULL, 1, NULL),
  (95, TRUE, TIMESTAMP '2018-09-02 16:40:58.442', 1, NULL),
  (96, FALSE, NULL, 1, NULL),
  (97, TRUE, TIMESTAMP '2018-05-08 16:40:58.457', 1, NULL);
INSERT INTO PUBLIC.RESERVATION (ID, PAID, PAID_AT, PERFORMANCE_ID, CUSTOMER_ID) VALUES
  (98, TRUE, TIMESTAMP '2018-03-27 16:40:58.473', 1, NULL),
  (99, TRUE, TIMESTAMP '2018-02-22 16:40:58.489', 1, NULL),
  (100, TRUE, TIMESTAMP '2018-12-05 16:40:58.489', 1, NULL),
  (101, TRUE, TIMESTAMP '2018-12-04 16:40:58.52', 2, NULL),
  (102, FALSE, NULL, 2, NULL),
  (103, FALSE, NULL, 2, NULL),
  (104, TRUE, TIMESTAMP '2018-02-15 16:40:58.551', 2, NULL),
  (105, TRUE, TIMESTAMP '2018-03-17 16:40:58.567', 2, NULL),
  (106, FALSE, NULL, 2, NULL),
  (107, TRUE, TIMESTAMP '2018-10-21 16:40:58.582', 2, NULL),
  (108, FALSE, NULL, 2, NULL),
  (109, FALSE, NULL, 2, NULL),
  (110, FALSE, NULL, 2, NULL),
  (111, FALSE, NULL, 2, NULL),
  (112, FALSE, NULL, 2, NULL),
  (113, TRUE, TIMESTAMP '2018-01-25 16:40:58.676', 2, NULL),
  (114, FALSE, NULL, 2, NULL),
  (115, TRUE, TIMESTAMP '2018-05-24 16:40:58.723', 2, NULL),
  (116, TRUE, TIMESTAMP '2018-09-20 16:40:58.723', 2, NULL),
  (117, TRUE, TIMESTAMP '2018-08-10 16:40:58.739', 2, NULL),
  (118, TRUE, TIMESTAMP '2018-08-26 16:40:58.739', 2, NULL),
  (119, FALSE, NULL, 2, NULL),
  (120, TRUE, TIMESTAMP '2018-05-14 16:40:58.786', 2, NULL),
  (121, FALSE, NULL, 2, NULL),
  (122, TRUE, TIMESTAMP '2018-12-28 16:40:58.801', 2, NULL),
  (123, FALSE, NULL, 2, NULL),
  (124, TRUE, TIMESTAMP '2018-09-08 16:40:58.801', 2, NULL),
  (125, FALSE, NULL, 2, NULL),
  (126, TRUE, TIMESTAMP '2018-11-15 16:40:58.848', 2, NULL),
  (127, TRUE, TIMESTAMP '2018-02-15 16:40:58.848', 2, NULL),
  (128, TRUE, TIMESTAMP '2018-11-02 16:40:58.888', 2, NULL),
  (129, FALSE, NULL, 2, NULL),
  (130, FALSE, NULL, 2, NULL),
  (131, FALSE, NULL, 2, NULL),
  (132, TRUE, TIMESTAMP '2018-10-01 16:40:58.919', 2, NULL),
  (133, FALSE, NULL, 2, NULL),
  (134, FALSE, NULL, 2, NULL),
  (135, FALSE, NULL, 2, NULL),
  (136, TRUE, TIMESTAMP '2018-10-18 16:40:58.966', 2, NULL),
  (137, TRUE, TIMESTAMP '2018-10-03 16:40:58.982', 2, NULL),
  (138, FALSE, NULL, 2, NULL),
  (139, TRUE, TIMESTAMP '2018-05-02 16:40:58.997', 2, NULL),
  (140, FALSE, NULL, 2, NULL),
  (141, FALSE, NULL, 2, NULL),
  (142, FALSE, NULL, 2, NULL),
  (143, FALSE, NULL, 2, NULL),
  (144, FALSE, NULL, 2, NULL),
  (145, FALSE, NULL, 2, NULL),
  (146, TRUE, TIMESTAMP '2018-05-11 16:40:59.107', 2, NULL),
  (147, TRUE, TIMESTAMP '2018-11-03 16:40:59.122', 2, NULL),
  (148, TRUE, TIMESTAMP '2018-06-30 16:40:59.138', 2, NULL),
  (149, TRUE, TIMESTAMP '2018-10-09 16:40:59.138', 2, NULL),
  (150, TRUE, TIMESTAMP '2018-07-16 16:40:59.138', 2, NULL),
  (151, FALSE, NULL, 2, NULL),
  (152, TRUE, TIMESTAMP '2018-09-02 16:40:59.185', 2, NULL),
  (153, TRUE, TIMESTAMP '2018-07-23 16:40:59.185', 2, NULL),
  (154, FALSE, NULL, 2, NULL),
  (155, TRUE, TIMESTAMP '2018-05-08 16:40:59.216', 2, NULL),
  (156, TRUE, TIMESTAMP '2018-02-06 16:40:59.247', 2, NULL),
  (157, TRUE, TIMESTAMP '2018-04-17 16:40:59.263', 2, NULL),
  (158, TRUE, TIMESTAMP '2018-04-06 16:40:59.278', 2, NULL),
  (159, TRUE, TIMESTAMP '2018-07-29 16:40:59.278', 2, NULL),
  (160, FALSE, NULL, 2, NULL),
  (161, TRUE, TIMESTAMP '2018-04-19 16:40:59.31', 2, NULL),
  (162, FALSE, NULL, 2, NULL),
  (163, TRUE, TIMESTAMP '2018-08-22 16:40:59.325', 2, NULL),
  (164, TRUE, TIMESTAMP '2018-08-06 16:40:59.325', 2, NULL),
  (165, FALSE, NULL, 2, NULL),
  (166, TRUE, TIMESTAMP '2018-08-09 16:40:59.372', 2, NULL),
  (167, FALSE, NULL, 2, NULL),
  (168, TRUE, TIMESTAMP '2018-02-25 16:40:59.403', 2, NULL),
  (169, FALSE, NULL, 2, NULL),
  (170, TRUE, TIMESTAMP '2018-07-06 16:40:59.419', 2, NULL),
  (171, FALSE, NULL, 2, NULL),
  (172, TRUE, TIMESTAMP '2018-10-02 16:40:59.419', 2, NULL),
  (173, TRUE, TIMESTAMP '2018-08-16 16:40:59.435', 2, NULL),
  (174, TRUE, TIMESTAMP '2018-03-13 16:40:59.466', 2, NULL),
  (175, FALSE, NULL, 2, NULL),
  (176, FALSE, NULL, 2, NULL),
  (177, TRUE, TIMESTAMP '2018-09-30 16:40:59.481', 2, NULL),
  (178, TRUE, TIMESTAMP '2018-10-23 16:40:59.481', 2, NULL),
  (179, FALSE, NULL, 2, NULL),
  (180, TRUE, TIMESTAMP '2018-06-16 16:40:59.528', 2, NULL),
  (181, TRUE, TIMESTAMP '2018-05-25 16:40:59.528', 2, NULL),
  (182, TRUE, TIMESTAMP '2018-01-05 16:40:59.528', 2, NULL),
  (183, TRUE, TIMESTAMP '2018-01-29 16:40:59.544', 2, NULL),
  (184, FALSE, NULL, 2, NULL),
  (185, TRUE, TIMESTAMP '2018-08-16 16:40:59.584', 2, NULL);
INSERT INTO PUBLIC.RESERVATION (ID, PAID, PAID_AT, PERFORMANCE_ID, CUSTOMER_ID) VALUES
  (186, TRUE, TIMESTAMP '2018-09-29 16:40:59.59', 2, NULL),
  (187, FALSE, NULL, 2, NULL),
  (188, FALSE, NULL, 2, NULL),
  (189, TRUE, TIMESTAMP '2018-07-20 16:40:59.609', 2, NULL),
  (190, FALSE, NULL, 2, NULL),
  (191, FALSE, NULL, 2, NULL),
  (192, TRUE, TIMESTAMP '2018-08-20 16:40:59.655', 2, NULL),
  (193, TRUE, TIMESTAMP '2018-01-07 16:40:59.7', 2, NULL),
  (194, TRUE, TIMESTAMP '2018-02-17 16:40:59.711', 2, NULL),
  (195, TRUE, TIMESTAMP '2018-01-22 16:40:59.719', 2, NULL),
  (196, TRUE, TIMESTAMP '2018-01-30 16:40:59.726', 2, NULL),
  (197, TRUE, TIMESTAMP '2018-11-16 16:40:59.732', 2, NULL),
  (198, FALSE, NULL, 2, NULL),
  (199, FALSE, NULL, 2, NULL),
  (200, TRUE, TIMESTAMP '2018-11-24 16:40:59.78', 2, NULL),
  (201, TRUE, TIMESTAMP '2018-06-24 16:40:59.788', 3, NULL),
  (202, FALSE, NULL, 3, NULL),
  (203, FALSE, NULL, 3, NULL),
  (204, TRUE, TIMESTAMP '2018-06-05 16:40:59.847', 3, NULL),
  (205, FALSE, NULL, 3, NULL),
  (206, FALSE, NULL, 3, NULL),
  (207, FALSE, NULL, 3, NULL),
  (208, FALSE, NULL, 3, NULL),
  (209, FALSE, NULL, 3, NULL),
  (210, FALSE, NULL, 3, NULL),
  (211, FALSE, NULL, 3, NULL),
  (212, FALSE, NULL, 3, NULL),
  (213, TRUE, TIMESTAMP '2018-04-28 16:40:59.979', 3, NULL),
  (214, TRUE, TIMESTAMP '2018-11-14 16:41:00.003', 3, NULL),
  (215, TRUE, TIMESTAMP '2018-03-26 16:41:00.019', 3, NULL),
  (216, FALSE, NULL, 3, NULL),
  (217, TRUE, TIMESTAMP '2018-07-16 16:41:00.019', 3, NULL),
  (218, TRUE, TIMESTAMP '2018-07-08 16:41:00.066', 3, NULL),
  (219, TRUE, TIMESTAMP '2018-10-25 16:41:00.066', 3, NULL),
  (220, TRUE, TIMESTAMP '2018-07-02 16:41:00.066', 3, NULL),
  (221, TRUE, TIMESTAMP '2018-08-30 16:41:00.097', 3, NULL),
  (222, TRUE, TIMESTAMP '2018-06-21 16:41:00.113', 3, NULL),
  (223, TRUE, TIMESTAMP '2018-08-25 16:41:00.113', 3, NULL),
  (224, TRUE, TIMESTAMP '2018-07-11 16:41:00.128', 3, NULL),
  (225, TRUE, TIMESTAMP '2018-07-25 16:41:00.16', 3, NULL),
  (226, FALSE, NULL, 3, NULL),
  (227, FALSE, NULL, 3, NULL),
  (228, TRUE, TIMESTAMP '2018-06-26 16:41:00.191', 3, NULL),
  (229, FALSE, NULL, 3, NULL),
  (230, TRUE, TIMESTAMP '2018-05-27 16:41:00.207', 3, NULL),
  (231, FALSE, NULL, 3, NULL),
  (232, FALSE, NULL, 3, NULL),
  (233, TRUE, TIMESTAMP '2018-05-19 16:41:00.253', 3, NULL),
  (234, TRUE, TIMESTAMP '2018-02-26 16:41:00.253', 3, NULL),
  (235, TRUE, TIMESTAMP '2018-08-29 16:41:00.253', 3, NULL),
  (236, FALSE, NULL, 3, NULL),
  (237, FALSE, NULL, 3, NULL),
  (238, FALSE, NULL, 3, NULL),
  (239, FALSE, NULL, 3, NULL),
  (240, FALSE, NULL, 3, NULL),
  (241, TRUE, TIMESTAMP '2018-06-15 16:41:00.334', 3, NULL),
  (242, TRUE, TIMESTAMP '2018-06-12 16:41:00.349', 3, NULL),
  (243, TRUE, TIMESTAMP '2018-11-02 16:41:00.349', 3, NULL),
  (244, FALSE, NULL, 3, NULL),
  (245, TRUE, TIMESTAMP '2018-08-22 16:41:00.394', 3, NULL),
  (246, TRUE, TIMESTAMP '2018-08-06 16:41:00.439', 3, NULL),
  (247, FALSE, NULL, 3, NULL),
  (248, FALSE, NULL, 3, NULL),
  (249, FALSE, NULL, 3, NULL),
  (250, FALSE, NULL, 3, NULL),
  (251, TRUE, TIMESTAMP '2018-08-06 16:41:00.57', 3, NULL),
  (252, FALSE, NULL, 3, NULL),
  (253, TRUE, TIMESTAMP '2018-02-08 16:41:00.588', 3, NULL),
  (254, FALSE, NULL, 3, NULL),
  (255, TRUE, TIMESTAMP '2018-07-25 16:41:00.634', 3, NULL),
  (256, TRUE, TIMESTAMP '2018-04-29 16:41:00.634', 3, NULL),
  (257, FALSE, NULL, 3, NULL),
  (258, FALSE, NULL, 3, NULL),
  (259, TRUE, TIMESTAMP '2018-07-16 16:41:00.665', 3, NULL),
  (260, FALSE, NULL, 3, NULL),
  (261, TRUE, TIMESTAMP '2018-09-18 16:41:00.68', 3, NULL),
  (262, TRUE, TIMESTAMP '2018-08-29 16:41:00.696', 3, NULL),
  (263, FALSE, NULL, 3, NULL),
  (264, FALSE, NULL, 3, NULL),
  (265, TRUE, TIMESTAMP '2018-03-31 16:41:00.727', 3, NULL),
  (266, FALSE, NULL, 3, NULL),
  (267, FALSE, NULL, 3, NULL),
  (268, TRUE, TIMESTAMP '2018-09-04 16:41:00.774', 3, NULL),
  (269, TRUE, TIMESTAMP '2018-06-08 16:41:00.774', 3, NULL),
  (270, TRUE, TIMESTAMP '2018-03-26 16:41:00.79', 3, NULL),
  (271, TRUE, TIMESTAMP '2018-01-27 16:41:00.79', 3, NULL),
  (272, TRUE, TIMESTAMP '2018-06-22 16:41:00.831', 3, NULL),
  (273, FALSE, NULL, 3, NULL),
  (274, TRUE, TIMESTAMP '2018-01-23 16:41:00.846', 3, NULL),
  (275, TRUE, TIMESTAMP '2018-04-13 16:41:00.853', 3, NULL);
INSERT INTO PUBLIC.RESERVATION (ID, PAID, PAID_AT, PERFORMANCE_ID, CUSTOMER_ID) VALUES
  (276, TRUE, TIMESTAMP '2018-05-09 16:41:00.883', 3, NULL),
  (277, FALSE, NULL, 3, NULL),
  (278, TRUE, TIMESTAMP '2018-11-27 16:41:00.899', 3, NULL),
  (279, FALSE, NULL, 3, NULL),
  (280, FALSE, NULL, 3, NULL),
  (281, FALSE, NULL, 3, NULL),
  (282, FALSE, NULL, 3, NULL),
  (283, FALSE, NULL, 3, NULL),
  (284, TRUE, TIMESTAMP '2018-09-11 16:41:00.977', 3, NULL),
  (285, FALSE, NULL, 3, NULL),
  (286, TRUE, TIMESTAMP '2018-06-28 16:41:00.993', 3, NULL),
  (287, FALSE, NULL, 3, NULL),
  (288, FALSE, NULL, 3, NULL),
  (289, TRUE, TIMESTAMP '2018-04-29 16:41:01.04', 3, NULL),
  (290, FALSE, NULL, 3, NULL),
  (291, TRUE, TIMESTAMP '2018-02-22 16:41:01.087', 3, NULL),
  (292, TRUE, TIMESTAMP '2018-04-11 16:41:01.087', 3, NULL),
  (293, TRUE, TIMESTAMP '2018-12-30 16:41:01.118', 3, NULL),
  (294, FALSE, NULL, 3, NULL),
  (295, FALSE, NULL, 3, NULL),
  (296, TRUE, TIMESTAMP '2018-10-02 16:41:01.133', 3, NULL),
  (297, FALSE, NULL, 3, NULL),
  (298, FALSE, NULL, 3, NULL),
  (299, TRUE, TIMESTAMP '2018-09-14 16:41:01.173', 3, NULL),
  (300, TRUE, TIMESTAMP '2018-08-19 16:41:01.173', 3, NULL),
  (301, FALSE, NULL, 4, NULL),
  (302, TRUE, TIMESTAMP '2018-03-05 16:41:01.188', 4, NULL),
  (303, FALSE, NULL, 4, NULL),
  (304, FALSE, NULL, 4, NULL),
  (305, TRUE, TIMESTAMP '2018-11-11 16:41:01.22', 4, NULL),
  (306, TRUE, TIMESTAMP '2018-04-24 16:41:01.235', 4, NULL),
  (307, TRUE, TIMESTAMP '2018-10-15 16:41:01.235', 4, NULL),
  (308, FALSE, NULL, 4, NULL),
  (309, TRUE, TIMESTAMP '2018-10-02 16:41:01.267', 4, NULL),
  (310, TRUE, TIMESTAMP '2018-05-02 16:41:01.282', 4, NULL),
  (311, TRUE, TIMESTAMP '2018-05-17 16:41:01.282', 4, NULL),
  (312, TRUE, TIMESTAMP '2018-08-04 16:41:01.298', 4, NULL),
  (313, TRUE, TIMESTAMP '2018-09-19 16:41:01.329', 4, NULL),
  (314, FALSE, NULL, 4, NULL),
  (315, FALSE, NULL, 4, NULL),
  (316, FALSE, NULL, 4, NULL),
  (317, TRUE, TIMESTAMP '2018-06-25 16:41:01.36', 4, NULL),
  (318, TRUE, TIMESTAMP '2018-05-13 16:41:01.376', 4, NULL),
  (319, FALSE, NULL, 4, NULL),
  (320, TRUE, TIMESTAMP '2018-09-05 16:41:01.376', 4, NULL),
  (321, FALSE, NULL, 4, NULL),
  (322, TRUE, TIMESTAMP '2018-06-12 16:41:01.423', 4, NULL),
  (323, FALSE, NULL, 4, NULL),
  (324, TRUE, TIMESTAMP '2018-10-26 16:41:01.423', 4, NULL),
  (325, TRUE, TIMESTAMP '2018-11-30 16:41:01.463', 4, NULL),
  (326, FALSE, NULL, 4, NULL),
  (327, TRUE, TIMESTAMP '2018-02-27 16:41:01.463', 4, NULL),
  (328, TRUE, TIMESTAMP '2018-02-12 16:41:01.478', 4, NULL),
  (329, FALSE, NULL, 4, NULL),
  (330, FALSE, NULL, 4, NULL),
  (331, FALSE, NULL, 4, NULL),
  (332, FALSE, NULL, 4, NULL),
  (333, FALSE, NULL, 4, NULL),
  (334, TRUE, TIMESTAMP '2018-09-18 16:41:01.525', 4, NULL),
  (335, TRUE, TIMESTAMP '2018-02-16 16:41:01.556', 4, NULL),
  (336, TRUE, TIMESTAMP '2018-07-16 16:41:01.572', 4, NULL),
  (337, TRUE, TIMESTAMP '2018-12-27 16:41:01.588', 4, NULL),
  (338, TRUE, TIMESTAMP '2018-04-28 16:41:01.62', 4, NULL),
  (339, TRUE, TIMESTAMP '2018-08-30 16:41:01.633', 4, NULL),
  (340, TRUE, TIMESTAMP '2018-11-29 16:41:01.687', 4, NULL),
  (341, FALSE, NULL, 4, NULL),
  (342, TRUE, TIMESTAMP '2018-05-04 16:41:01.703', 4, NULL),
  (343, FALSE, NULL, 4, NULL),
  (344, TRUE, TIMESTAMP '2018-03-26 16:41:01.722', 4, NULL),
  (345, FALSE, NULL, 4, NULL),
  (346, FALSE, NULL, 4, NULL),
  (347, TRUE, TIMESTAMP '2018-10-26 16:41:01.768', 4, NULL),
  (348, TRUE, TIMESTAMP '2018-06-07 16:41:01.773', 4, NULL),
  (349, TRUE, TIMESTAMP '2018-10-01 16:41:01.798', 4, NULL),
  (350, FALSE, NULL, 4, NULL),
  (351, TRUE, TIMESTAMP '2018-10-14 16:41:01.798', 4, NULL),
  (352, TRUE, TIMESTAMP '2018-02-15 16:41:01.813', 4, NULL),
  (353, FALSE, NULL, 4, NULL),
  (354, TRUE, TIMESTAMP '2018-09-06 16:41:01.813', 4, NULL),
  (355, FALSE, NULL, 4, NULL),
  (356, FALSE, NULL, 4, NULL),
  (357, FALSE, NULL, 4, NULL),
  (358, FALSE, NULL, 4, NULL),
  (359, FALSE, NULL, 4, NULL),
  (360, TRUE, TIMESTAMP '2018-10-25 16:41:01.901', 4, NULL),
  (361, FALSE, NULL, 4, NULL),
  (362, TRUE, TIMESTAMP '2018-03-20 16:41:01.901', 4, NULL),
  (363, TRUE, TIMESTAMP '2018-04-10 16:41:01.901', 4, NULL),
  (364, TRUE, TIMESTAMP '2018-06-30 16:41:01.932', 4, NULL),
  (365, FALSE, NULL, 4, NULL);
INSERT INTO PUBLIC.RESERVATION (ID, PAID, PAID_AT, PERFORMANCE_ID, CUSTOMER_ID) VALUES
  (366, FALSE, NULL, 4, NULL),
  (367, TRUE, TIMESTAMP '2018-01-09 16:41:01.948', 4, NULL),
  (368, TRUE, TIMESTAMP '2018-01-24 16:41:01.963', 4, NULL),
  (369, FALSE, NULL, 4, NULL),
  (370, TRUE, TIMESTAMP '2018-06-04 16:41:01.995', 4, NULL),
  (371, TRUE, TIMESTAMP '2018-11-18 16:41:01.995', 4, NULL),
  (372, FALSE, NULL, 4, NULL),
  (373, FALSE, NULL, 4, NULL),
  (374, FALSE, NULL, 4, NULL),
  (375, FALSE, NULL, 4, NULL),
  (376, FALSE, NULL, 4, NULL),
  (377, FALSE, NULL, 4, NULL),
  (378, FALSE, NULL, 4, NULL),
  (379, FALSE, NULL, 4, NULL),
  (380, TRUE, TIMESTAMP '2018-05-10 16:41:02.104', 4, NULL),
  (381, TRUE, TIMESTAMP '2018-09-14 16:41:02.104', 4, NULL),
  (382, FALSE, NULL, 4, NULL),
  (383, FALSE, NULL, 4, NULL),
  (384, FALSE, NULL, 4, NULL),
  (385, TRUE, TIMESTAMP '2018-06-25 16:41:02.166', 4, NULL),
  (386, FALSE, NULL, 4, NULL),
  (387, TRUE, TIMESTAMP '2018-04-03 16:41:02.229', 4, NULL),
  (388, TRUE, TIMESTAMP '2018-11-10 16:41:02.229', 4, NULL),
  (389, FALSE, NULL, 4, NULL),
  (390, TRUE, TIMESTAMP '2018-04-09 16:41:02.276', 4, NULL),
  (391, FALSE, NULL, 4, NULL),
  (392, FALSE, NULL, 4, NULL),
  (393, TRUE, TIMESTAMP '2018-08-22 16:41:02.307', 4, NULL),
  (394, TRUE, TIMESTAMP '2018-10-12 16:41:02.338', 4, NULL),
  (395, FALSE, NULL, 4, NULL),
  (396, FALSE, NULL, 4, NULL),
  (397, FALSE, NULL, 4, NULL),
  (398, FALSE, NULL, 4, NULL),
  (399, TRUE, TIMESTAMP '2018-09-16 16:41:02.385', 4, NULL),
  (400, TRUE, TIMESTAMP '2018-10-08 16:41:02.385', 4, NULL),
  (401, TRUE, TIMESTAMP '2018-04-09 16:41:02.432', 5, NULL),
  (402, TRUE, TIMESTAMP '2018-05-21 16:41:02.432', 5, NULL),
  (403, TRUE, TIMESTAMP '2018-03-31 16:41:02.432', 5, NULL),
  (404, TRUE, TIMESTAMP '2018-03-08 16:41:02.463', 5, NULL),
  (405, TRUE, TIMESTAMP '2018-03-04 16:41:02.463', 5, NULL),
  (406, TRUE, TIMESTAMP '2018-02-15 16:41:02.479', 5, NULL),
  (407, FALSE, NULL, 5, NULL),
  (408, FALSE, NULL, 5, NULL),
  (409, FALSE, NULL, 5, NULL),
  (410, TRUE, TIMESTAMP '2018-12-27 16:41:02.526', 5, NULL),
  (411, FALSE, NULL, 5, NULL),
  (412, TRUE, TIMESTAMP '2018-07-18 16:41:02.561', 5, NULL),
  (413, FALSE, NULL, 5, NULL),
  (414, FALSE, NULL, 5, NULL),
  (415, TRUE, TIMESTAMP '2018-07-29 16:41:02.577', 5, NULL),
  (416, FALSE, NULL, 5, NULL),
  (417, TRUE, TIMESTAMP '2018-04-13 16:41:02.608', 5, NULL),
  (418, FALSE, NULL, 5, NULL),
  (419, TRUE, TIMESTAMP '2018-04-21 16:41:02.608', 5, NULL),
  (420, FALSE, NULL, 5, NULL),
  (421, TRUE, TIMESTAMP '2018-11-19 16:41:02.675', 5, NULL),
  (422, FALSE, NULL, 5, NULL),
  (423, TRUE, TIMESTAMP '2018-06-18 16:41:02.707', 5, NULL),
  (424, FALSE, NULL, 5, NULL),
  (425, FALSE, NULL, 5, NULL),
  (426, TRUE, TIMESTAMP '2018-07-25 16:41:02.816', 5, NULL),
  (427, TRUE, TIMESTAMP '2018-01-28 16:41:02.863', 5, NULL),
  (428, TRUE, TIMESTAMP '2018-02-04 16:41:02.863', 5, NULL),
  (429, FALSE, NULL, 5, NULL),
  (430, FALSE, NULL, 5, NULL),
  (431, TRUE, TIMESTAMP '2018-11-15 16:41:02.927', 5, NULL),
  (432, FALSE, NULL, 5, NULL),
  (433, FALSE, NULL, 5, NULL),
  (434, TRUE, TIMESTAMP '2018-10-07 16:41:03.005', 5, NULL),
  (435, FALSE, NULL, 5, NULL),
  (436, FALSE, NULL, 5, NULL),
  (437, FALSE, NULL, 5, NULL),
  (438, TRUE, TIMESTAMP '2018-03-18 16:41:03.068', 5, NULL),
  (439, TRUE, TIMESTAMP '2018-04-10 16:41:03.114', 5, NULL),
  (440, TRUE, TIMESTAMP '2018-01-14 16:41:03.13', 5, NULL),
  (441, TRUE, TIMESTAMP '2018-10-19 16:41:03.13', 5, NULL),
  (442, FALSE, NULL, 5, NULL),
  (443, FALSE, NULL, 5, NULL),
  (444, TRUE, TIMESTAMP '2018-07-10 16:41:03.177', 5, NULL),
  (445, TRUE, TIMESTAMP '2018-03-07 16:41:03.177', 5, NULL),
  (446, TRUE, TIMESTAMP '2018-10-16 16:41:03.208', 5, NULL),
  (447, TRUE, TIMESTAMP '2018-12-29 16:41:03.208', 5, NULL),
  (448, FALSE, NULL, 5, NULL),
  (449, FALSE, NULL, 5, NULL),
  (450, TRUE, TIMESTAMP '2018-10-22 16:41:03.224', 5, NULL),
  (451, TRUE, TIMESTAMP '2018-07-27 16:41:03.239', 5, NULL),
  (452, TRUE, TIMESTAMP '2018-09-04 16:41:03.271', 5, NULL),
  (453, TRUE, TIMESTAMP '2018-08-28 16:41:03.271', 5, NULL),
  (454, FALSE, NULL, 5, NULL),
  (455, FALSE, NULL, 5, NULL),
  (456, TRUE, TIMESTAMP '2018-01-23 16:41:03.318', 5, NULL),
  (457, TRUE, TIMESTAMP '2018-09-25 16:41:03.318', 5, NULL);
INSERT INTO PUBLIC.RESERVATION (ID, PAID, PAID_AT, PERFORMANCE_ID, CUSTOMER_ID) VALUES
  (458, TRUE, TIMESTAMP '2018-10-03 16:41:03.333', 5, NULL),
  (459, TRUE, TIMESTAMP '2018-06-13 16:41:03.368', 5, NULL),
  (460, TRUE, TIMESTAMP '2018-01-16 16:41:03.394', 5, NULL),
  (461, TRUE, TIMESTAMP '2018-07-25 16:41:03.394', 5, NULL),
  (462, FALSE, NULL, 5, NULL),
  (463, TRUE, TIMESTAMP '2018-06-04 16:41:03.473', 5, NULL),
  (464, TRUE, TIMESTAMP '2018-10-08 16:41:03.489', 5, NULL),
  (465, FALSE, NULL, 5, NULL),
  (466, FALSE, NULL, 5, NULL),
  (467, TRUE, TIMESTAMP '2018-07-09 16:41:03.535', 5, NULL),
  (468, FALSE, NULL, 5, NULL),
  (469, TRUE, TIMESTAMP '2018-07-29 16:41:03.551', 5, NULL),
  (470, FALSE, NULL, 5, NULL),
  (471, TRUE, TIMESTAMP '2018-06-08 16:41:03.598', 5, NULL),
  (472, FALSE, NULL, 5, NULL),
  (473, TRUE, TIMESTAMP '2018-01-07 16:41:03.614', 5, NULL),
  (474, FALSE, NULL, 5, NULL),
  (475, FALSE, NULL, 5, NULL),
  (476, TRUE, TIMESTAMP '2018-08-04 16:41:03.629', 5, NULL),
  (477, TRUE, TIMESTAMP '2018-10-28 16:41:03.66', 5, NULL),
  (478, FALSE, NULL, 5, NULL),
  (479, FALSE, NULL, 5, NULL),
  (480, FALSE, NULL, 5, NULL),
  (481, TRUE, TIMESTAMP '2018-11-01 16:41:03.723', 5, NULL),
  (482, FALSE, NULL, 5, NULL),
  (483, FALSE, NULL, 5, NULL),
  (484, FALSE, NULL, 5, NULL),
  (485, FALSE, NULL, 5, NULL),
  (486, TRUE, TIMESTAMP '2018-03-08 16:41:03.785', 5, NULL),
  (487, FALSE, NULL, 5, NULL),
  (488, FALSE, NULL, 5, NULL),
  (489, TRUE, TIMESTAMP '2018-07-16 16:41:03.864', 5, NULL),
  (490, FALSE, NULL, 5, NULL),
  (491, TRUE, TIMESTAMP '2018-02-02 16:41:03.926', 5, NULL),
  (492, TRUE, TIMESTAMP '2018-06-11 16:41:03.926', 5, NULL),
  (493, TRUE, TIMESTAMP '2018-05-24 16:41:03.926', 5, NULL),
  (494, FALSE, NULL, 5, NULL),
  (495, FALSE, NULL, 5, NULL),
  (496, TRUE, TIMESTAMP '2018-05-21 16:41:04.004', 5, NULL),
  (497, FALSE, NULL, 5, NULL),
  (498, FALSE, NULL, 5, NULL),
  (499, TRUE, TIMESTAMP '2018-08-22 16:41:04.051', 5, NULL),
  (500, TRUE, TIMESTAMP '2018-09-26 16:41:04.051', 5, NULL),
  (501, FALSE, NULL, 6, NULL),
  (502, TRUE, TIMESTAMP '2018-10-26 16:41:04.067', 6, NULL),
  (503, TRUE, TIMESTAMP '2018-03-04 16:41:04.082', 6, NULL),
  (504, FALSE, NULL, 6, NULL),
  (505, FALSE, NULL, 6, NULL),
  (506, TRUE, TIMESTAMP '2018-10-30 16:41:04.192', 6, NULL),
  (507, TRUE, TIMESTAMP '2018-11-21 16:41:04.207', 6, NULL),
  (508, TRUE, TIMESTAMP '2018-02-05 16:41:04.207', 6, NULL),
  (509, TRUE, TIMESTAMP '2018-08-17 16:41:04.223', 6, NULL),
  (510, TRUE, TIMESTAMP '2018-01-16 16:41:04.27', 6, NULL),
  (511, FALSE, NULL, 6, NULL),
  (512, FALSE, NULL, 6, NULL),
  (513, TRUE, TIMESTAMP '2018-07-07 16:41:04.285', 6, NULL),
  (514, TRUE, TIMESTAMP '2018-05-07 16:41:04.442', 6, NULL),
  (515, FALSE, NULL, 6, NULL),
  (516, FALSE, NULL, 6, NULL),
  (517, FALSE, NULL, 6, NULL),
  (518, FALSE, NULL, 6, NULL),
  (519, TRUE, TIMESTAMP '2018-01-17 16:41:04.473', 6, NULL),
  (520, FALSE, NULL, 6, NULL),
  (521, FALSE, NULL, 6, NULL),
  (522, FALSE, NULL, 6, NULL),
  (523, TRUE, TIMESTAMP '2018-07-24 16:41:04.598', 6, NULL),
  (524, FALSE, NULL, 6, NULL),
  (525, FALSE, NULL, 6, NULL),
  (526, FALSE, NULL, 6, NULL),
  (527, TRUE, TIMESTAMP '2018-03-30 16:41:04.676', 6, NULL),
  (528, TRUE, TIMESTAMP '2018-05-27 16:41:04.77', 6, NULL),
  (529, TRUE, TIMESTAMP '2018-03-03 16:41:04.77', 6, NULL),
  (530, TRUE, TIMESTAMP '2018-07-06 16:41:04.77', 6, NULL),
  (531, FALSE, NULL, 6, NULL),
  (532, TRUE, TIMESTAMP '2018-01-06 16:41:04.785', 6, NULL),
  (533, FALSE, NULL, 6, NULL),
  (534, TRUE, TIMESTAMP '2018-06-29 16:41:04.832', 6, NULL),
  (535, FALSE, NULL, 6, NULL),
  (536, TRUE, TIMESTAMP '2018-05-28 16:41:04.89', 6, NULL),
  (537, FALSE, NULL, 6, NULL),
  (538, TRUE, TIMESTAMP '2018-01-21 16:41:04.906', 6, NULL),
  (539, FALSE, NULL, 6, NULL),
  (540, FALSE, NULL, 6, NULL),
  (541, FALSE, NULL, 6, NULL),
  (542, FALSE, NULL, 6, NULL),
  (543, FALSE, NULL, 6, NULL),
  (544, TRUE, TIMESTAMP '2018-04-21 16:41:05.203', 6, NULL),
  (545, FALSE, NULL, 6, NULL),
  (546, TRUE, TIMESTAMP '2018-06-26 16:41:05.312', 6, NULL),
  (547, TRUE, TIMESTAMP '2018-06-10 16:41:05.328', 6, NULL),
  (548, FALSE, NULL, 6, NULL),
  (549, FALSE, NULL, 6, NULL),
  (550, TRUE, TIMESTAMP '2018-01-01 16:41:05.656', 6, NULL),
  (551, TRUE, TIMESTAMP '2018-08-12 16:41:05.656', 6, NULL);
INSERT INTO PUBLIC.RESERVATION (ID, PAID, PAID_AT, PERFORMANCE_ID, CUSTOMER_ID) VALUES
  (552, TRUE, TIMESTAMP '2018-02-19 16:41:05.656', 6, NULL),
  (553, FALSE, NULL, 6, NULL),
  (554, FALSE, NULL, 6, NULL),
  (555, TRUE, TIMESTAMP '2018-06-22 16:41:05.687', 6, NULL),
  (556, TRUE, TIMESTAMP '2018-03-03 16:41:05.718', 6, NULL),
  (557, TRUE, TIMESTAMP '2018-02-17 16:41:05.718', 6, NULL),
  (558, TRUE, TIMESTAMP '2018-06-22 16:41:05.734', 6, NULL),
  (559, TRUE, TIMESTAMP '2018-10-19 16:41:05.734', 6, NULL),
  (560, TRUE, TIMESTAMP '2018-04-23 16:41:05.812', 6, NULL),
  (561, FALSE, NULL, 6, NULL),
  (562, FALSE, NULL, 6, NULL),
  (563, TRUE, TIMESTAMP '2018-03-08 16:41:05.843', 6, NULL),
  (564, TRUE, TIMESTAMP '2018-11-12 16:41:05.843', 6, NULL),
  (565, TRUE, TIMESTAMP '2018-08-05 16:41:05.859', 6, NULL),
  (566, TRUE, TIMESTAMP '2018-12-11 16:41:05.895', 6, NULL),
  (567, TRUE, TIMESTAMP '2018-08-14 16:41:05.895', 6, NULL),
  (568, TRUE, TIMESTAMP '2018-12-14 16:41:05.911', 6, NULL),
  (569, FALSE, NULL, 6, NULL),
  (570, FALSE, NULL, 6, NULL),
  (571, FALSE, NULL, 6, NULL),
  (572, TRUE, TIMESTAMP '2018-06-03 16:41:05.989', 6, NULL),
  (573, TRUE, TIMESTAMP '2018-11-17 16:41:06.005', 6, NULL),
  (574, TRUE, TIMESTAMP '2018-08-22 16:41:06.036', 6, NULL),
  (575, TRUE, TIMESTAMP '2018-05-27 16:41:06.051', 6, NULL),
  (576, FALSE, NULL, 6, NULL),
  (577, FALSE, NULL, 6, NULL),
  (578, FALSE, NULL, 6, NULL),
  (579, FALSE, NULL, 6, NULL),
  (580, TRUE, TIMESTAMP '2018-01-04 16:41:06.161', 6, NULL),
  (581, FALSE, NULL, 6, NULL),
  (582, FALSE, NULL, 6, NULL),
  (583, TRUE, TIMESTAMP '2018-06-30 16:41:06.176', 6, NULL),
  (584, TRUE, TIMESTAMP '2018-03-07 16:41:06.176', 6, NULL),
  (585, TRUE, TIMESTAMP '2018-05-01 16:41:06.176', 6, NULL),
  (586, TRUE, TIMESTAMP '2018-03-12 16:41:06.254', 6, NULL),
  (587, FALSE, NULL, 6, NULL),
  (588, FALSE, NULL, 6, NULL),
  (589, FALSE, NULL, 6, NULL),
  (590, FALSE, NULL, 6, NULL),
  (591, TRUE, TIMESTAMP '2018-01-22 16:41:06.333', 6, NULL),
  (592, TRUE, TIMESTAMP '2018-05-24 16:41:06.333', 6, NULL),
  (593, TRUE, TIMESTAMP '2018-12-29 16:41:06.348', 6, NULL),
  (594, FALSE, NULL, 6, NULL),
  (595, TRUE, TIMESTAMP '2018-06-21 16:41:06.395', 6, NULL),
  (596, TRUE, TIMESTAMP '2018-04-03 16:41:06.395', 6, NULL),
  (597, TRUE, TIMESTAMP '2018-03-06 16:41:06.442', 6, NULL),
  (598, TRUE, TIMESTAMP '2018-10-22 16:41:06.442', 6, NULL),
  (599, FALSE, NULL, 6, NULL),
  (600, FALSE, NULL, 6, NULL),
  (601, FALSE, NULL, 7, NULL),
  (602, TRUE, TIMESTAMP '2018-05-16 16:41:06.536', 7, NULL),
  (603, FALSE, NULL, 7, NULL),
  (604, TRUE, TIMESTAMP '2018-10-09 16:41:06.583', 7, NULL),
  (605, TRUE, TIMESTAMP '2018-03-27 16:41:06.583', 7, NULL),
  (606, TRUE, TIMESTAMP '2018-08-14 16:41:06.583', 7, NULL),
  (607, TRUE, TIMESTAMP '2018-11-20 16:41:06.583', 7, NULL),
  (608, FALSE, NULL, 7, NULL),
  (609, FALSE, NULL, 7, NULL),
  (610, FALSE, NULL, 7, NULL),
  (611, TRUE, TIMESTAMP '2018-11-14 16:41:06.645', 7, NULL),
  (612, TRUE, TIMESTAMP '2018-03-26 16:41:06.645', 7, NULL),
  (613, TRUE, TIMESTAMP '2018-09-04 16:41:06.645', 7, NULL),
  (614, TRUE, TIMESTAMP '2018-10-19 16:41:06.676', 7, NULL),
  (615, FALSE, NULL, 7, NULL),
  (616, TRUE, TIMESTAMP '2018-09-15 16:41:06.692', 7, NULL),
  (617, FALSE, NULL, 7, NULL),
  (618, FALSE, NULL, 7, NULL),
  (619, TRUE, TIMESTAMP '2018-05-04 16:41:06.739', 7, NULL),
  (620, TRUE, TIMESTAMP '2018-01-07 16:41:06.739', 7, NULL),
  (621, FALSE, NULL, 7, NULL),
  (622, FALSE, NULL, 7, NULL),
  (623, TRUE, TIMESTAMP '2018-08-24 16:41:06.754', 7, NULL),
  (624, TRUE, TIMESTAMP '2018-01-10 16:41:06.77', 7, NULL),
  (625, TRUE, TIMESTAMP '2018-09-23 16:41:06.801', 7, NULL),
  (626, FALSE, NULL, 7, NULL),
  (627, TRUE, TIMESTAMP '2018-08-02 16:41:06.801', 7, NULL),
  (628, TRUE, TIMESTAMP '2018-08-30 16:41:06.848', 7, NULL),
  (629, TRUE, TIMESTAMP '2018-11-15 16:41:06.848', 7, NULL),
  (630, TRUE, TIMESTAMP '2018-11-28 16:41:06.848', 7, NULL),
  (631, TRUE, TIMESTAMP '2018-11-27 16:41:06.864', 7, NULL),
  (632, TRUE, TIMESTAMP '2018-01-29 16:41:06.864', 7, NULL),
  (633, FALSE, NULL, 7, NULL),
  (634, TRUE, TIMESTAMP '2018-12-02 16:41:06.864', 7, NULL),
  (635, TRUE, TIMESTAMP '2018-02-26 16:41:06.879', 7, NULL),
  (636, TRUE, TIMESTAMP '2018-06-08 16:41:06.911', 7, NULL);
INSERT INTO PUBLIC.RESERVATION (ID, PAID, PAID_AT, PERFORMANCE_ID, CUSTOMER_ID) VALUES
  (637, TRUE, TIMESTAMP '2018-12-11 16:41:06.911', 7, NULL),
  (638, FALSE, NULL, 7, NULL),
  (639, FALSE, NULL, 7, NULL),
  (640, FALSE, NULL, 7, NULL),
  (641, TRUE, TIMESTAMP '2018-03-19 16:41:06.926', 7, NULL),
  (642, FALSE, NULL, 7, NULL),
  (643, FALSE, NULL, 7, NULL),
  (644, FALSE, NULL, 7, NULL),
  (645, FALSE, NULL, 7, NULL),
  (646, TRUE, TIMESTAMP '2018-09-07 16:41:07.004', 7, NULL),
  (647, FALSE, NULL, 7, NULL),
  (648, TRUE, TIMESTAMP '2018-09-06 16:41:07.036', 7, NULL),
  (649, FALSE, NULL, 7, NULL),
  (650, TRUE, TIMESTAMP '2018-02-02 16:41:07.036', 7, NULL),
  (651, TRUE, TIMESTAMP '2018-05-10 16:41:07.067', 7, NULL),
  (652, FALSE, NULL, 7, NULL),
  (653, FALSE, NULL, 7, NULL),
  (654, TRUE, TIMESTAMP '2018-10-18 16:41:07.083', 7, NULL),
  (655, FALSE, NULL, 7, NULL),
  (656, FALSE, NULL, 7, NULL),
  (657, FALSE, NULL, 7, NULL),
  (658, TRUE, TIMESTAMP '2018-12-27 16:41:07.145', 7, NULL),
  (659, FALSE, NULL, 7, NULL),
  (660, TRUE, TIMESTAMP '2018-06-09 16:41:07.161', 7, NULL),
  (661, FALSE, NULL, 7, NULL),
  (662, FALSE, NULL, 7, NULL),
  (663, FALSE, NULL, 7, NULL),
  (664, FALSE, NULL, 7, NULL),
  (665, FALSE, NULL, 7, NULL),
  (666, TRUE, TIMESTAMP '2018-02-05 16:41:07.254', 7, NULL),
  (667, TRUE, TIMESTAMP '2018-05-14 16:41:07.254', 7, NULL),
  (668, TRUE, TIMESTAMP '2018-05-18 16:41:07.254', 7, NULL),
  (669, TRUE, TIMESTAMP '2018-11-09 16:41:07.254', 7, NULL),
  (670, TRUE, TIMESTAMP '2018-04-30 16:41:07.301', 7, NULL),
  (671, TRUE, TIMESTAMP '2018-01-02 16:41:07.301', 7, NULL),
  (672, TRUE, TIMESTAMP '2018-10-20 16:41:07.301', 7, NULL),
  (673, TRUE, TIMESTAMP '2018-04-07 16:41:07.317', 7, NULL),
  (674, FALSE, NULL, 7, NULL),
  (675, FALSE, NULL, 7, NULL),
  (676, FALSE, NULL, 7, NULL),
  (677, TRUE, TIMESTAMP '2018-02-28 16:41:07.364', 7, NULL),
  (678, TRUE, TIMESTAMP '2018-01-14 16:41:07.379', 7, NULL),
  (679, FALSE, NULL, 7, NULL),
  (680, FALSE, NULL, 7, NULL),
  (681, FALSE, NULL, 7, NULL),
  (682, TRUE, TIMESTAMP '2018-03-08 16:41:07.395', 7, NULL),
  (683, FALSE, NULL, 7, NULL),
  (684, TRUE, TIMESTAMP '2018-11-15 16:41:07.426', 7, NULL),
  (685, FALSE, NULL, 7, NULL),
  (686, FALSE, NULL, 7, NULL),
  (687, TRUE, TIMESTAMP '2018-02-10 16:41:07.442', 7, NULL),
  (688, FALSE, NULL, 7, NULL),
  (689, TRUE, TIMESTAMP '2018-02-28 16:41:07.442', 7, NULL),
  (690, FALSE, NULL, 7, NULL),
  (691, TRUE, TIMESTAMP '2018-09-27 16:41:07.489', 7, NULL),
  (692, FALSE, NULL, 7, NULL),
  (693, TRUE, TIMESTAMP '2018-09-17 16:41:07.489', 7, NULL),
  (694, TRUE, TIMESTAMP '2018-05-15 16:41:07.504', 7, NULL),
  (695, TRUE, TIMESTAMP '2018-09-07 16:41:07.536', 7, NULL),
  (696, FALSE, NULL, 7, NULL),
  (697, FALSE, NULL, 7, NULL),
  (698, TRUE, TIMESTAMP '2018-12-16 16:41:07.551', 7, NULL),
  (699, FALSE, NULL, 7, NULL),
  (700, FALSE, NULL, 7, NULL),
  (701, FALSE, NULL, 8, NULL),
  (702, TRUE, TIMESTAMP '2018-11-11 16:41:07.582', 8, NULL),
  (703, TRUE, TIMESTAMP '2018-02-13 16:41:07.598', 8, NULL),
  (704, TRUE, TIMESTAMP '2018-12-08 16:41:07.598', 8, NULL),
  (705, TRUE, TIMESTAMP '2018-07-02 16:41:07.598', 8, NULL),
  (706, TRUE, TIMESTAMP '2018-02-06 16:41:07.614', 8, NULL),
  (707, TRUE, TIMESTAMP '2018-09-29 16:41:07.629', 8, NULL),
  (708, FALSE, NULL, 8, NULL),
  (709, TRUE, TIMESTAMP '2018-07-12 16:41:07.645', 8, NULL),
  (710, FALSE, NULL, 8, NULL),
  (711, FALSE, NULL, 8, NULL),
  (712, FALSE, NULL, 8, NULL),
  (713, FALSE, NULL, 8, NULL),
  (714, FALSE, NULL, 8, NULL),
  (715, FALSE, NULL, 8, NULL),
  (716, TRUE, TIMESTAMP '2018-01-28 16:41:07.692', 8, NULL),
  (717, TRUE, TIMESTAMP '2018-09-23 16:41:07.692', 8, NULL),
  (718, FALSE, NULL, 8, NULL),
  (719, TRUE, TIMESTAMP '2018-01-18 16:41:07.739', 8, NULL),
  (720, FALSE, NULL, 8, NULL),
  (721, TRUE, TIMESTAMP '2018-10-10 16:41:07.739', 8, NULL),
  (722, FALSE, NULL, 8, NULL),
  (723, FALSE, NULL, 8, NULL),
  (724, FALSE, NULL, 8, NULL),
  (725, FALSE, NULL, 8, NULL),
  (726, TRUE, TIMESTAMP '2018-07-28 16:41:07.801', 8, NULL),
  (727, FALSE, NULL, 8, NULL),
  (728, TRUE, TIMESTAMP '2018-04-05 16:41:07.801', 8, NULL),
  (729, TRUE, TIMESTAMP '2018-05-26 16:41:07.801', 8, NULL),
  (730, FALSE, NULL, 8, NULL),
  (731, FALSE, NULL, 8, NULL);
INSERT INTO PUBLIC.RESERVATION (ID, PAID, PAID_AT, PERFORMANCE_ID, CUSTOMER_ID) VALUES
  (732, TRUE, TIMESTAMP '2018-08-09 16:41:07.848', 8, NULL),
  (733, FALSE, NULL, 8, NULL),
  (734, FALSE, NULL, 8, NULL),
  (735, FALSE, NULL, 8, NULL),
  (736, TRUE, TIMESTAMP '2018-05-22 16:41:07.893', 8, NULL),
  (737, TRUE, TIMESTAMP '2018-12-11 16:41:07.898', 8, NULL),
  (738, TRUE, TIMESTAMP '2018-02-27 16:41:07.903', 8, NULL),
  (739, FALSE, NULL, 8, NULL),
  (740, TRUE, TIMESTAMP '2018-01-08 16:41:07.907', 8, NULL),
  (741, FALSE, NULL, 8, NULL),
  (742, TRUE, TIMESTAMP '2018-07-21 16:41:07.907', 8, NULL),
  (743, FALSE, NULL, 8, NULL),
  (744, TRUE, TIMESTAMP '2018-04-01 16:41:07.954', 8, NULL),
  (745, FALSE, NULL, 8, NULL),
  (746, FALSE, NULL, 8, NULL),
  (747, FALSE, NULL, 8, NULL),
  (748, FALSE, NULL, 8, NULL),
  (749, TRUE, TIMESTAMP '2018-08-23 16:41:08.002', 8, NULL),
  (750, FALSE, NULL, 8, NULL),
  (751, TRUE, TIMESTAMP '2018-04-17 16:41:08.012', 8, NULL),
  (752, FALSE, NULL, 8, NULL),
  (753, FALSE, NULL, 8, NULL),
  (754, TRUE, TIMESTAMP '2018-09-01 16:41:08.017', 8, NULL),
  (755, TRUE, TIMESTAMP '2018-10-07 16:41:08.017', 8, NULL),
  (756, FALSE, NULL, 8, NULL),
  (757, FALSE, NULL, 8, NULL),
  (758, FALSE, NULL, 8, NULL),
  (759, FALSE, NULL, 8, NULL),
  (760, FALSE, NULL, 8, NULL),
  (761, FALSE, NULL, 8, NULL),
  (762, TRUE, TIMESTAMP '2018-05-14 16:41:08.111', 8, NULL),
  (763, FALSE, NULL, 8, NULL),
  (764, TRUE, TIMESTAMP '2018-05-28 16:41:08.126', 8, NULL),
  (765, TRUE, TIMESTAMP '2018-06-28 16:41:08.126', 8, NULL),
  (766, FALSE, NULL, 8, NULL),
  (767, FALSE, NULL, 8, NULL),
  (768, TRUE, TIMESTAMP '2018-06-06 16:41:08.173', 8, NULL),
  (769, FALSE, NULL, 8, NULL),
  (770, FALSE, NULL, 8, NULL),
  (771, FALSE, NULL, 8, NULL),
  (772, TRUE, TIMESTAMP '2018-11-16 16:41:08.22', 8, NULL),
  (773, TRUE, TIMESTAMP '2018-10-05 16:41:08.22', 8, NULL),
  (774, TRUE, TIMESTAMP '2018-08-05 16:41:08.22', 8, NULL),
  (775, FALSE, NULL, 8, NULL),
  (776, TRUE, TIMESTAMP '2018-12-10 16:41:08.251', 8, NULL),
  (777, FALSE, NULL, 8, NULL),
  (778, FALSE, NULL, 8, NULL),
  (779, FALSE, NULL, 8, NULL),
  (780, TRUE, TIMESTAMP '2018-04-22 16:41:08.267', 8, NULL),
  (781, FALSE, NULL, 8, NULL),
  (782, FALSE, NULL, 8, NULL),
  (783, FALSE, NULL, 8, NULL),
  (784, TRUE, TIMESTAMP '2018-10-15 16:41:08.314', 8, NULL),
  (785, TRUE, TIMESTAMP '2018-11-08 16:41:08.314', 8, NULL),
  (786, FALSE, NULL, 8, NULL),
  (787, FALSE, NULL, 8, NULL),
  (788, TRUE, TIMESTAMP '2018-04-20 16:41:08.345', 8, NULL),
  (789, FALSE, NULL, 8, NULL),
  (790, FALSE, NULL, 8, NULL),
  (791, FALSE, NULL, 8, NULL),
  (792, TRUE, TIMESTAMP '2018-07-14 16:41:08.392', 8, NULL),
  (793, TRUE, TIMESTAMP '2018-07-11 16:41:08.392', 8, NULL),
  (794, TRUE, TIMESTAMP '2018-05-01 16:41:08.408', 8, NULL),
  (795, FALSE, NULL, 8, NULL),
  (796, TRUE, TIMESTAMP '2018-01-05 16:41:08.408', 8, NULL),
  (797, FALSE, NULL, 8, NULL),
  (798, FALSE, NULL, 8, NULL),
  (799, TRUE, TIMESTAMP '2018-07-10 16:41:08.454', 8, NULL),
  (800, FALSE, NULL, 8, NULL),
  (801, FALSE, NULL, 9, NULL),
  (802, TRUE, TIMESTAMP '2018-08-14 16:41:08.47', 9, NULL),
  (803, TRUE, TIMESTAMP '2018-11-28 16:41:08.501', 9, NULL),
  (804, FALSE, NULL, 9, NULL),
  (805, TRUE, TIMESTAMP '2018-06-12 16:41:08.533', 9, NULL),
  (806, TRUE, TIMESTAMP '2018-10-06 16:41:08.533', 9, NULL),
  (807, TRUE, TIMESTAMP '2018-11-24 16:41:08.548', 9, NULL),
  (808, FALSE, NULL, 9, NULL),
  (809, FALSE, NULL, 9, NULL),
  (810, TRUE, TIMESTAMP '2018-01-11 16:41:08.548', 9, NULL),
  (811, TRUE, TIMESTAMP '2018-09-26 16:41:08.564', 9, NULL),
  (812, TRUE, TIMESTAMP '2018-04-28 16:41:08.579', 9, NULL),
  (813, FALSE, NULL, 9, NULL),
  (814, FALSE, NULL, 9, NULL),
  (815, TRUE, TIMESTAMP '2018-05-25 16:41:08.595', 9, NULL),
  (816, TRUE, TIMESTAMP '2018-01-10 16:41:08.595', 9, NULL),
  (817, TRUE, TIMESTAMP '2018-05-25 16:41:08.611', 9, NULL),
  (818, TRUE, TIMESTAMP '2018-08-29 16:41:08.626', 9, NULL),
  (819, TRUE, TIMESTAMP '2018-01-02 16:41:08.642', 9, NULL),
  (820, FALSE, NULL, 9, NULL),
  (821, TRUE, TIMESTAMP '2018-05-18 16:41:08.642', 9, NULL),
  (822, FALSE, NULL, 9, NULL),
  (823, TRUE, TIMESTAMP '2018-03-31 16:41:08.673', 9, NULL),
  (824, TRUE, TIMESTAMP '2018-03-02 16:41:08.673', 9, NULL);
INSERT INTO PUBLIC.RESERVATION (ID, PAID, PAID_AT, PERFORMANCE_ID, CUSTOMER_ID) VALUES
  (825, TRUE, TIMESTAMP '2018-11-21 16:41:08.689', 9, NULL),
  (826, TRUE, TIMESTAMP '2018-08-01 16:41:08.689', 9, NULL),
  (827, FALSE, NULL, 9, NULL),
  (828, FALSE, NULL, 9, NULL),
  (829, TRUE, TIMESTAMP '2018-01-01 16:41:08.751', 9, NULL),
  (830, TRUE, TIMESTAMP '2018-07-13 16:41:08.751', 9, NULL),
  (831, FALSE, NULL, 9, NULL),
  (832, FALSE, NULL, 9, NULL),
  (833, TRUE, TIMESTAMP '2018-04-03 16:41:08.767', 9, NULL),
  (834, TRUE, TIMESTAMP '2018-07-05 16:41:08.767', 9, NULL),
  (835, TRUE, TIMESTAMP '2018-06-16 16:41:08.767', 9, NULL),
  (836, TRUE, TIMESTAMP '2018-05-23 16:41:08.767', 9, NULL),
  (837, TRUE, TIMESTAMP '2018-02-08 16:41:08.767', 9, NULL),
  (838, TRUE, TIMESTAMP '2018-05-09 16:41:08.798', 9, NULL),
  (839, TRUE, TIMESTAMP '2018-09-10 16:41:08.798', 9, NULL),
  (840, TRUE, TIMESTAMP '2018-06-30 16:41:08.814', 9, NULL),
  (841, FALSE, NULL, 9, NULL),
  (842, FALSE, NULL, 9, NULL),
  (843, FALSE, NULL, 9, NULL),
  (844, FALSE, NULL, 9, NULL),
  (845, TRUE, TIMESTAMP '2018-07-18 16:41:08.861', 9, NULL),
  (846, FALSE, NULL, 9, NULL),
  (847, FALSE, NULL, 9, NULL),
  (848, TRUE, TIMESTAMP '2018-04-05 16:41:08.861', 9, NULL),
  (849, FALSE, NULL, 9, NULL),
  (850, TRUE, TIMESTAMP '2018-10-03 16:41:08.903', 9, NULL),
  (851, FALSE, NULL, 9, NULL),
  (852, FALSE, NULL, 9, NULL),
  (853, TRUE, TIMESTAMP '2018-11-08 16:41:08.918', 9, NULL),
  (854, TRUE, TIMESTAMP '2018-11-02 16:41:08.918', 9, NULL),
  (855, FALSE, NULL, 9, NULL),
  (856, TRUE, TIMESTAMP '2018-05-10 16:41:08.95', 9, NULL),
  (857, TRUE, TIMESTAMP '2018-02-10 16:41:08.965', 9, NULL),
  (858, FALSE, NULL, 9, NULL),
  (859, FALSE, NULL, 9, NULL),
  (860, TRUE, TIMESTAMP '2018-07-01 16:41:08.965', 9, NULL),
  (861, TRUE, TIMESTAMP '2018-04-11 16:41:08.997', 9, NULL),
  (862, FALSE, NULL, 9, NULL),
  (863, TRUE, TIMESTAMP '2018-11-16 16:41:09.012', 9, NULL),
  (864, FALSE, NULL, 9, NULL),
  (865, FALSE, NULL, 9, NULL),
  (866, FALSE, NULL, 9, NULL),
  (867, TRUE, TIMESTAMP '2018-07-19 16:41:09.028', 9, NULL),
  (868, TRUE, TIMESTAMP '2018-12-07 16:41:09.043', 9, NULL),
  (869, FALSE, NULL, 9, NULL),
  (870, FALSE, NULL, 9, NULL),
  (871, TRUE, TIMESTAMP '2018-06-30 16:41:09.059', 9, NULL),
  (872, TRUE, TIMESTAMP '2018-11-01 16:41:09.059', 9, NULL),
  (873, FALSE, NULL, 9, NULL),
  (874, TRUE, TIMESTAMP '2018-01-04 16:41:09.09', 9, NULL),
  (875, TRUE, TIMESTAMP '2018-10-21 16:41:09.106', 9, NULL),
  (876, TRUE, TIMESTAMP '2018-09-26 16:41:09.106', 9, NULL),
  (877, FALSE, NULL, 9, NULL),
  (878, FALSE, NULL, 9, NULL),
  (879, FALSE, NULL, 9, NULL),
  (880, FALSE, NULL, 9, NULL),
  (881, FALSE, NULL, 9, NULL),
  (882, FALSE, NULL, 9, NULL),
  (883, FALSE, NULL, 9, NULL),
  (884, TRUE, TIMESTAMP '2018-01-20 16:41:09.184', 9, NULL),
  (885, FALSE, NULL, 9, NULL),
  (886, FALSE, NULL, 9, NULL),
  (887, FALSE, NULL, 9, NULL),
  (888, FALSE, NULL, 9, NULL),
  (889, TRUE, TIMESTAMP '2018-04-21 16:41:09.2', 9, NULL),
  (890, TRUE, TIMESTAMP '2018-11-10 16:41:09.215', 9, NULL),
  (891, FALSE, NULL, 9, NULL),
  (892, FALSE, NULL, 9, NULL),
  (893, FALSE, NULL, 9, NULL),
  (894, TRUE, TIMESTAMP '2018-01-31 16:41:09.278', 9, NULL),
  (895, TRUE, TIMESTAMP '2018-12-21 16:41:09.278', 9, NULL),
  (896, FALSE, NULL, 9, NULL),
  (897, FALSE, NULL, 9, NULL),
  (898, FALSE, NULL, 9, NULL),
  (899, FALSE, NULL, 9, NULL),
  (900, TRUE, TIMESTAMP '2018-09-21 16:41:09.325', 9, NULL),
  (901, FALSE, NULL, 10, NULL),
  (902, FALSE, NULL, 10, NULL),
  (903, TRUE, TIMESTAMP '2018-05-31 16:41:09.34', 10, NULL),
  (904, TRUE, TIMESTAMP '2018-04-30 16:41:09.34', 10, NULL),
  (905, FALSE, NULL, 10, NULL),
  (906, FALSE, NULL, 10, NULL),
  (907, TRUE, TIMESTAMP '2018-04-19 16:41:09.387', 10, NULL),
  (908, FALSE, NULL, 10, NULL),
  (909, TRUE, TIMESTAMP '2018-01-13 16:41:09.387', 10, NULL),
  (910, FALSE, NULL, 10, NULL),
  (911, TRUE, TIMESTAMP '2018-07-15 16:41:09.418', 10, NULL),
  (912, FALSE, NULL, 10, NULL),
  (913, TRUE, TIMESTAMP '2018-07-19 16:41:09.434', 10, NULL),
  (914, FALSE, NULL, 10, NULL),
  (915, FALSE, NULL, 10, NULL),
  (916, FALSE, NULL, 10, NULL),
  (917, FALSE, NULL, 10, NULL),
  (918, FALSE, NULL, 10, NULL),
  (919, TRUE, TIMESTAMP '2018-06-04 16:41:09.481', 10, NULL);
INSERT INTO PUBLIC.RESERVATION (ID, PAID, PAID_AT, PERFORMANCE_ID, CUSTOMER_ID) VALUES
  (920, TRUE, TIMESTAMP '2018-12-01 16:41:09.481', 10, NULL),
  (921, TRUE, TIMESTAMP '2018-09-18 16:41:09.496', 10, NULL),
  (922, FALSE, NULL, 10, NULL),
  (923, FALSE, NULL, 10, NULL),
  (924, TRUE, TIMESTAMP '2018-08-24 16:41:09.528', 10, NULL),
  (925, TRUE, TIMESTAMP '2018-01-11 16:41:09.528', 10, NULL),
  (926, TRUE, TIMESTAMP '2018-02-21 16:41:09.528', 10, NULL),
  (927, TRUE, TIMESTAMP '2018-04-26 16:41:09.559', 10, NULL),
  (928, TRUE, TIMESTAMP '2018-08-23 16:41:09.575', 10, NULL),
  (929, FALSE, NULL, 10, NULL),
  (930, TRUE, TIMESTAMP '2018-09-06 16:41:09.575', 10, NULL),
  (931, FALSE, NULL, 10, NULL),
  (932, FALSE, NULL, 10, NULL),
  (933, TRUE, TIMESTAMP '2018-03-03 16:41:09.621', 10, NULL),
  (934, FALSE, NULL, 10, NULL),
  (935, TRUE, TIMESTAMP '2018-01-24 16:41:09.621', 10, NULL),
  (936, FALSE, NULL, 10, NULL),
  (937, FALSE, NULL, 10, NULL),
  (938, TRUE, TIMESTAMP '2018-03-09 16:41:09.668', 10, NULL),
  (939, TRUE, TIMESTAMP '2018-09-12 16:41:09.7', 10, NULL),
  (940, TRUE, TIMESTAMP '2018-08-14 16:41:09.717', 10, NULL),
  (941, FALSE, NULL, 10, NULL),
  (942, TRUE, TIMESTAMP '2018-03-06 16:41:09.726', 10, NULL),
  (943, FALSE, NULL, 10, NULL),
  (944, FALSE, NULL, 10, NULL),
  (945, FALSE, NULL, 10, NULL),
  (946, TRUE, TIMESTAMP '2018-03-31 16:41:09.762', 10, NULL),
  (947, TRUE, TIMESTAMP '2018-02-09 16:41:09.777', 10, NULL),
  (948, TRUE, TIMESTAMP '2018-08-11 16:41:09.777', 10, NULL),
  (949, TRUE, TIMESTAMP '2018-05-18 16:41:09.777', 10, NULL),
  (950, FALSE, NULL, 10, NULL),
  (951, TRUE, TIMESTAMP '2018-04-30 16:41:09.793', 10, NULL),
  (952, TRUE, TIMESTAMP '2018-04-10 16:41:09.824', 10, NULL),
  (953, TRUE, TIMESTAMP '2018-04-10 16:41:09.824', 10, NULL),
  (954, FALSE, NULL, 10, NULL),
  (955, FALSE, NULL, 10, NULL),
  (956, FALSE, NULL, 10, NULL),
  (957, FALSE, NULL, 10, NULL),
  (958, FALSE, NULL, 10, NULL),
  (959, TRUE, TIMESTAMP '2018-12-05 16:41:09.902', 10, NULL),
  (960, TRUE, TIMESTAMP '2018-05-14 16:41:09.902', 10, NULL),
  (961, TRUE, TIMESTAMP '2018-09-08 16:41:09.902', 10, NULL),
  (962, FALSE, NULL, 10, NULL),
  (963, TRUE, TIMESTAMP '2018-01-06 16:41:09.949', 10, NULL),
  (964, TRUE, TIMESTAMP '2018-11-27 16:41:09.949', 10, NULL),
  (965, TRUE, TIMESTAMP '2018-02-25 16:41:09.965', 10, NULL),
  (966, TRUE, TIMESTAMP '2018-04-19 16:41:09.965', 10, NULL),
  (967, TRUE, TIMESTAMP '2018-06-05 16:41:09.965', 10, NULL),
  (968, FALSE, NULL, 10, NULL),
  (969, TRUE, TIMESTAMP '2018-05-23 16:41:10.012', 10, NULL),
  (970, FALSE, NULL, 10, NULL),
  (971, TRUE, TIMESTAMP '2018-05-19 16:41:10.012', 10, NULL),
  (972, TRUE, TIMESTAMP '2018-09-19 16:41:10.027', 10, NULL),
  (973, TRUE, TIMESTAMP '2018-12-03 16:41:10.027', 10, NULL),
  (974, TRUE, TIMESTAMP '2018-04-06 16:41:10.027', 10, NULL),
  (975, FALSE, NULL, 10, NULL),
  (976, TRUE, TIMESTAMP '2018-05-29 16:41:10.09', 10, NULL),
  (977, FALSE, NULL, 10, NULL),
  (978, TRUE, TIMESTAMP '2018-05-23 16:41:10.09', 10, NULL),
  (979, TRUE, TIMESTAMP '2018-04-16 16:41:10.137', 10, NULL),
  (980, FALSE, NULL, 10, NULL),
  (981, FALSE, NULL, 10, NULL),
  (982, FALSE, NULL, 10, NULL),
  (983, TRUE, TIMESTAMP '2018-07-25 16:41:10.199', 10, NULL),
  (984, TRUE, TIMESTAMP '2018-12-28 16:41:10.199', 10, NULL),
  (985, FALSE, NULL, 10, NULL),
  (986, TRUE, TIMESTAMP '2018-02-18 16:41:10.215', 10, NULL),
  (987, TRUE, TIMESTAMP '2018-08-04 16:41:10.215', 10, NULL),
  (988, TRUE, TIMESTAMP '2018-06-25 16:41:10.215', 10, NULL),
  (989, FALSE, NULL, 10, NULL),
  (990, FALSE, NULL, 10, NULL),
  (991, FALSE, NULL, 10, NULL),
  (992, FALSE, NULL, 10, NULL),
  (993, FALSE, NULL, 10, NULL),
  (994, FALSE, NULL, 10, NULL),
  (995, FALSE, NULL, 10, NULL),
  (996, TRUE, TIMESTAMP '2018-05-15 16:41:10.318', 10, NULL),
  (997, TRUE, TIMESTAMP '2018-10-03 16:41:10.318', 10, NULL),
  (998, FALSE, NULL, 10, NULL),
  (999, FALSE, NULL, 10, NULL),
  (1000, FALSE, NULL, 10, NULL),
  (1001, FALSE, NULL, 11, NULL),
  (1002, FALSE, NULL, 11, NULL),
  (1003, FALSE, NULL, 11, NULL),
  (1004, FALSE, NULL, 11, NULL),
  (1005, FALSE, NULL, 11, NULL),
  (1006, FALSE, NULL, 11, NULL),
  (1007, FALSE, NULL, 11, NULL),
  (1008, FALSE, NULL, 11, NULL),
  (1009, TRUE, TIMESTAMP '2018-03-11 16:41:10.443', 11, NULL);
INSERT INTO PUBLIC.RESERVATION (ID, PAID, PAID_AT, PERFORMANCE_ID, CUSTOMER_ID) VALUES
  (1010, FALSE, NULL, 11, NULL),
  (1011, FALSE, NULL, 11, NULL),
  (1012, FALSE, NULL, 11, NULL),
  (1013, TRUE, TIMESTAMP '2018-11-28 16:41:10.49', 11, NULL),
  (1014, FALSE, NULL, 11, NULL),
  (1015, FALSE, NULL, 11, NULL),
  (1016, TRUE, TIMESTAMP '2018-09-13 16:41:10.537', 11, NULL),
  (1017, FALSE, NULL, 11, NULL),
  (1018, FALSE, NULL, 11, NULL),
  (1019, TRUE, TIMESTAMP '2018-08-24 16:41:10.552', 11, NULL),
  (1020, FALSE, NULL, 11, NULL),
  (1021, TRUE, TIMESTAMP '2018-09-04 16:41:10.552', 11, NULL),
  (1022, TRUE, TIMESTAMP '2018-03-17 16:41:10.552', 11, NULL),
  (1023, FALSE, NULL, 11, NULL),
  (1024, FALSE, NULL, 11, NULL),
  (1025, FALSE, NULL, 11, NULL),
  (1026, FALSE, NULL, 11, NULL),
  (1027, FALSE, NULL, 11, NULL),
  (1028, FALSE, NULL, 11, NULL),
  (1029, FALSE, NULL, 11, NULL),
  (1030, TRUE, TIMESTAMP '2018-12-21 16:41:10.646', 11, NULL),
  (1031, FALSE, NULL, 11, NULL),
  (1032, TRUE, TIMESTAMP '2018-01-05 16:41:10.662', 11, NULL),
  (1033, TRUE, TIMESTAMP '2018-07-06 16:41:10.662', 11, NULL),
  (1034, TRUE, TIMESTAMP '2018-10-18 16:41:10.662', 11, NULL),
  (1035, TRUE, TIMESTAMP '2018-02-23 16:41:10.708', 11, NULL),
  (1036, FALSE, NULL, 11, NULL),
  (1037, TRUE, TIMESTAMP '2018-03-04 16:41:10.708', 11, NULL),
  (1038, TRUE, TIMESTAMP '2018-11-09 16:41:10.708', 11, NULL),
  (1039, FALSE, NULL, 11, NULL),
  (1040, TRUE, TIMESTAMP '2018-05-08 16:41:10.755', 11, NULL),
  (1041, FALSE, NULL, 11, NULL),
  (1042, TRUE, TIMESTAMP '2018-06-08 16:41:10.755', 11, NULL),
  (1043, FALSE, NULL, 11, NULL),
  (1044, FALSE, NULL, 11, NULL),
  (1045, TRUE, TIMESTAMP '2018-07-25 16:41:10.771', 11, NULL),
  (1046, FALSE, NULL, 11, NULL),
  (1047, TRUE, TIMESTAMP '2018-09-09 16:41:10.802', 11, NULL),
  (1048, TRUE, TIMESTAMP '2018-02-24 16:41:10.802', 11, NULL),
  (1049, TRUE, TIMESTAMP '2018-05-29 16:41:10.818', 11, NULL),
  (1050, TRUE, TIMESTAMP '2018-07-13 16:41:10.818', 11, NULL),
  (1051, FALSE, NULL, 11, NULL),
  (1052, FALSE, NULL, 11, NULL),
  (1053, FALSE, NULL, 11, NULL),
  (1054, TRUE, TIMESTAMP '2018-10-08 16:41:10.865', 11, NULL),
  (1055, FALSE, NULL, 11, NULL),
  (1056, FALSE, NULL, 11, NULL),
  (1057, FALSE, NULL, 11, NULL),
  (1058, TRUE, TIMESTAMP '2018-09-09 16:41:10.889', 11, NULL),
  (1059, FALSE, NULL, 11, NULL),
  (1060, FALSE, NULL, 11, NULL),
  (1061, FALSE, NULL, 11, NULL),
  (1062, FALSE, NULL, 11, NULL),
  (1063, FALSE, NULL, 11, NULL),
  (1064, TRUE, TIMESTAMP '2018-10-05 16:41:10.936', 11, NULL),
  (1065, TRUE, TIMESTAMP '2018-11-29 16:41:10.936', 11, NULL),
  (1066, FALSE, NULL, 11, NULL),
  (1067, FALSE, NULL, 11, NULL),
  (1068, TRUE, TIMESTAMP '2018-12-05 16:41:10.998', 11, NULL),
  (1069, TRUE, TIMESTAMP '2018-11-05 16:41:11.014', 11, NULL),
  (1070, FALSE, NULL, 11, NULL),
  (1071, FALSE, NULL, 11, NULL),
  (1072, TRUE, TIMESTAMP '2018-07-19 16:41:11.045', 11, NULL),
  (1073, TRUE, TIMESTAMP '2018-09-06 16:41:11.045', 11, NULL),
  (1074, FALSE, NULL, 11, NULL),
  (1075, TRUE, TIMESTAMP '2018-03-27 16:41:11.092', 11, NULL),
  (1076, TRUE, TIMESTAMP '2018-10-08 16:41:11.092', 11, NULL),
  (1077, TRUE, TIMESTAMP '2018-01-29 16:41:11.092', 11, NULL),
  (1078, FALSE, NULL, 11, NULL),
  (1079, FALSE, NULL, 11, NULL),
  (1080, FALSE, NULL, 11, NULL),
  (1081, TRUE, TIMESTAMP '2018-07-27 16:41:11.123', 11, NULL),
  (1082, TRUE, TIMESTAMP '2018-07-06 16:41:11.139', 11, NULL),
  (1083, FALSE, NULL, 11, NULL),
  (1084, FALSE, NULL, 11, NULL),
  (1085, TRUE, TIMESTAMP '2018-03-19 16:41:11.139', 11, NULL),
  (1086, FALSE, NULL, 11, NULL),
  (1087, FALSE, NULL, 11, NULL),
  (1088, FALSE, NULL, 11, NULL),
  (1089, FALSE, NULL, 11, NULL),
  (1090, FALSE, NULL, 11, NULL),
  (1091, FALSE, NULL, 11, NULL),
  (1092, FALSE, NULL, 11, NULL),
  (1093, FALSE, NULL, 11, NULL),
  (1094, TRUE, TIMESTAMP '2018-01-13 16:41:11.217', 11, NULL),
  (1095, TRUE, TIMESTAMP '2018-06-30 16:41:11.233', 11, NULL),
  (1096, TRUE, TIMESTAMP '2018-11-11 16:41:11.233', 11, NULL),
  (1097, TRUE, TIMESTAMP '2018-05-23 16:41:11.233', 11, NULL),
  (1098, FALSE, NULL, 11, NULL),
  (1099, TRUE, TIMESTAMP '2018-01-14 16:41:11.248', 11, NULL),
  (1100, FALSE, NULL, 11, NULL),
  (1101, TRUE, TIMESTAMP '2018-11-02 16:41:11.28', 12, NULL);
INSERT INTO PUBLIC.RESERVATION (ID, PAID, PAID_AT, PERFORMANCE_ID, CUSTOMER_ID) VALUES
  (1102, TRUE, TIMESTAMP '2018-10-03 16:41:11.28', 12, NULL),
  (1103, FALSE, NULL, 12, NULL),
  (1104, TRUE, TIMESTAMP '2018-03-04 16:41:11.295', 12, NULL),
  (1105, FALSE, NULL, 12, NULL),
  (1106, FALSE, NULL, 12, NULL),
  (1107, TRUE, TIMESTAMP '2018-12-16 16:41:11.327', 12, NULL),
  (1108, TRUE, TIMESTAMP '2018-09-10 16:41:11.327', 12, NULL),
  (1109, FALSE, NULL, 12, NULL),
  (1110, TRUE, TIMESTAMP '2018-05-14 16:41:11.358', 12, NULL),
  (1111, TRUE, TIMESTAMP '2018-10-08 16:41:11.373', 12, NULL),
  (1112, TRUE, TIMESTAMP '2018-12-21 16:41:11.373', 12, NULL),
  (1113, TRUE, TIMESTAMP '2018-08-30 16:41:11.373', 12, NULL),
  (1114, FALSE, NULL, 12, NULL),
  (1115, TRUE, TIMESTAMP '2018-03-29 16:41:11.42', 12, NULL),
  (1116, TRUE, TIMESTAMP '2018-03-18 16:41:11.42', 12, NULL),
  (1117, FALSE, NULL, 12, NULL),
  (1118, FALSE, NULL, 12, NULL),
  (1119, TRUE, TIMESTAMP '2018-02-01 16:41:11.436', 12, NULL),
  (1120, TRUE, TIMESTAMP '2018-12-11 16:41:11.436', 12, NULL),
  (1121, TRUE, TIMESTAMP '2018-08-03 16:41:11.436', 12, NULL),
  (1122, TRUE, TIMESTAMP '2018-04-19 16:41:11.467', 12, NULL),
  (1123, FALSE, NULL, 12, NULL),
  (1124, TRUE, TIMESTAMP '2018-06-11 16:41:11.483', 12, NULL),
  (1125, TRUE, TIMESTAMP '2018-08-17 16:41:11.483', 12, NULL),
  (1126, TRUE, TIMESTAMP '2018-07-17 16:41:11.483', 12, NULL),
  (1127, FALSE, NULL, 12, NULL),
  (1128, TRUE, TIMESTAMP '2018-08-08 16:41:11.53', 12, NULL),
  (1129, FALSE, NULL, 12, NULL),
  (1130, FALSE, NULL, 12, NULL),
  (1131, FALSE, NULL, 12, NULL),
  (1132, FALSE, NULL, 12, NULL),
  (1133, FALSE, NULL, 12, NULL),
  (1134, FALSE, NULL, 12, NULL),
  (1135, TRUE, TIMESTAMP '2018-12-29 16:41:11.592', 12, NULL),
  (1136, TRUE, TIMESTAMP '2018-09-27 16:41:11.592', 12, NULL),
  (1137, FALSE, NULL, 12, NULL),
  (1138, FALSE, NULL, 12, NULL),
  (1139, FALSE, NULL, 12, NULL),
  (1140, FALSE, NULL, 12, NULL),
  (1141, TRUE, TIMESTAMP '2018-12-29 16:41:11.639', 12, NULL),
  (1142, TRUE, TIMESTAMP '2018-07-06 16:41:11.639', 12, NULL),
  (1143, TRUE, TIMESTAMP '2018-05-26 16:41:11.639', 12, NULL),
  (1144, FALSE, NULL, 12, NULL),
  (1145, TRUE, TIMESTAMP '2018-05-27 16:41:11.655', 12, NULL),
  (1146, TRUE, TIMESTAMP '2018-12-13 16:41:11.686', 12, NULL),
  (1147, FALSE, NULL, 12, NULL),
  (1148, TRUE, TIMESTAMP '2018-09-19 16:41:11.686', 12, NULL),
  (1149, TRUE, TIMESTAMP '2018-12-27 16:41:11.686', 12, NULL),
  (1150, FALSE, NULL, 12, NULL),
  (1151, TRUE, TIMESTAMP '2018-01-04 16:41:11.717', 12, NULL),
  (1152, TRUE, TIMESTAMP '2018-01-07 16:41:11.733', 12, NULL),
  (1153, TRUE, TIMESTAMP '2018-07-05 16:41:11.733', 12, NULL),
  (1154, TRUE, TIMESTAMP '2018-04-13 16:41:11.733', 12, NULL),
  (1155, TRUE, TIMESTAMP '2018-11-23 16:41:11.733', 12, NULL),
  (1156, TRUE, TIMESTAMP '2018-08-04 16:41:11.748', 12, NULL),
  (1157, TRUE, TIMESTAMP '2018-08-16 16:41:11.78', 12, NULL),
  (1158, FALSE, NULL, 12, NULL),
  (1159, FALSE, NULL, 12, NULL),
  (1160, FALSE, NULL, 12, NULL),
  (1161, FALSE, NULL, 12, NULL),
  (1162, TRUE, TIMESTAMP '2018-07-22 16:41:11.826', 12, NULL),
  (1163, TRUE, TIMESTAMP '2018-07-24 16:41:11.842', 12, NULL),
  (1164, TRUE, TIMESTAMP '2018-02-22 16:41:11.842', 12, NULL),
  (1165, TRUE, TIMESTAMP '2018-07-26 16:41:11.842', 12, NULL),
  (1166, TRUE, TIMESTAMP '2018-02-11 16:41:11.842', 12, NULL),
  (1167, FALSE, NULL, 12, NULL),
  (1168, TRUE, TIMESTAMP '2018-10-12 16:41:11.894', 12, NULL),
  (1169, FALSE, NULL, 12, NULL),
  (1170, FALSE, NULL, 12, NULL),
  (1171, TRUE, TIMESTAMP '2018-06-21 16:41:11.91', 12, NULL),
  (1172, TRUE, TIMESTAMP '2018-01-31 16:41:11.941', 12, NULL),
  (1173, TRUE, TIMESTAMP '2018-07-20 16:41:11.941', 12, NULL),
  (1174, FALSE, NULL, 12, NULL),
  (1175, TRUE, TIMESTAMP '2018-01-31 16:41:11.957', 12, NULL),
  (1176, TRUE, TIMESTAMP '2018-04-03 16:41:11.957', 12, NULL),
  (1177, FALSE, NULL, 12, NULL),
  (1178, FALSE, NULL, 12, NULL),
  (1179, TRUE, TIMESTAMP '2018-07-10 16:41:12.004', 12, NULL),
  (1180, FALSE, NULL, 12, NULL),
  (1181, FALSE, NULL, 12, NULL),
  (1182, FALSE, NULL, 12, NULL),
  (1183, FALSE, NULL, 12, NULL),
  (1184, FALSE, NULL, 12, NULL),
  (1185, TRUE, TIMESTAMP '2018-10-05 16:41:12.019', 12, NULL),
  (1186, TRUE, TIMESTAMP '2018-11-19 16:41:12.019', 12, NULL);
INSERT INTO PUBLIC.RESERVATION (ID, PAID, PAID_AT, PERFORMANCE_ID, CUSTOMER_ID) VALUES
  (1187, TRUE, TIMESTAMP '2018-12-19 16:41:12.051', 12, NULL),
  (1188, FALSE, NULL, 12, NULL),
  (1189, TRUE, TIMESTAMP '2018-10-07 16:41:12.066', 12, NULL),
  (1190, FALSE, NULL, 12, NULL),
  (1191, TRUE, TIMESTAMP '2018-04-21 16:41:12.066', 12, NULL),
  (1192, TRUE, TIMESTAMP '2018-05-12 16:41:12.066', 12, NULL),
  (1193, FALSE, NULL, 12, NULL),
  (1194, TRUE, TIMESTAMP '2018-04-09 16:41:12.113', 12, NULL),
  (1195, TRUE, TIMESTAMP '2018-09-15 16:41:12.113', 12, NULL),
  (1196, TRUE, TIMESTAMP '2018-06-04 16:41:12.113', 12, NULL),
  (1197, FALSE, NULL, 12, NULL),
  (1198, TRUE, TIMESTAMP '2018-11-01 16:41:12.129', 12, NULL),
  (1199, TRUE, TIMESTAMP '2018-09-04 16:41:12.16', 12, NULL),
  (1200, TRUE, TIMESTAMP '2018-01-18 16:41:12.16', 12, NULL),
  (1201, TRUE, TIMESTAMP '2018-04-20 16:41:12.16', 13, NULL),
  (1202, FALSE, NULL, 13, NULL),
  (1203, FALSE, NULL, 13, NULL),
  (1204, TRUE, TIMESTAMP '2018-03-29 16:41:12.176', 13, NULL),
  (1205, TRUE, TIMESTAMP '2018-04-01 16:41:12.223', 13, NULL),
  (1206, FALSE, NULL, 13, NULL),
  (1207, TRUE, TIMESTAMP '2018-08-14 16:41:12.238', 13, NULL),
  (1208, TRUE, TIMESTAMP '2018-05-17 16:41:12.238', 13, NULL),
  (1209, FALSE, NULL, 13, NULL),
  (1210, TRUE, TIMESTAMP '2018-07-16 16:41:12.285', 13, NULL),
  (1211, FALSE, NULL, 13, NULL),
  (1212, TRUE, TIMESTAMP '2018-06-09 16:41:12.285', 13, NULL),
  (1213, FALSE, NULL, 13, NULL),
  (1214, TRUE, TIMESTAMP '2018-07-12 16:41:12.348', 13, NULL),
  (1215, TRUE, TIMESTAMP '2018-07-21 16:41:12.348', 13, NULL),
  (1216, TRUE, TIMESTAMP '2018-04-03 16:41:12.348', 13, NULL),
  (1217, FALSE, NULL, 13, NULL),
  (1218, FALSE, NULL, 13, NULL),
  (1219, FALSE, NULL, 13, NULL),
  (1220, TRUE, TIMESTAMP '2018-04-24 16:41:12.41', 13, NULL),
  (1221, FALSE, NULL, 13, NULL),
  (1222, FALSE, NULL, 13, NULL),
  (1223, FALSE, NULL, 13, NULL),
  (1224, TRUE, TIMESTAMP '2018-04-17 16:41:12.457', 13, NULL),
  (1225, FALSE, NULL, 13, NULL),
  (1226, FALSE, NULL, 13, NULL),
  (1227, FALSE, NULL, 13, NULL),
  (1228, TRUE, TIMESTAMP '2018-10-09 16:41:12.473', 13, NULL),
  (1229, FALSE, NULL, 13, NULL),
  (1230, FALSE, NULL, 13, NULL),
  (1231, TRUE, TIMESTAMP '2018-03-20 16:41:12.519', 13, NULL),
  (1232, FALSE, NULL, 13, NULL),
  (1233, TRUE, TIMESTAMP '2018-08-10 16:41:12.535', 13, NULL),
  (1234, FALSE, NULL, 13, NULL),
  (1235, TRUE, TIMESTAMP '2018-01-17 16:41:12.535', 13, NULL),
  (1236, TRUE, TIMESTAMP '2018-02-05 16:41:12.551', 13, NULL),
  (1237, TRUE, TIMESTAMP '2018-01-03 16:41:12.582', 13, NULL),
  (1238, FALSE, NULL, 13, NULL),
  (1239, TRUE, TIMESTAMP '2018-03-24 16:41:12.598', 13, NULL),
  (1240, FALSE, NULL, 13, NULL),
  (1241, FALSE, NULL, 13, NULL),
  (1242, TRUE, TIMESTAMP '2018-04-10 16:41:12.598', 13, NULL),
  (1243, FALSE, NULL, 13, NULL),
  (1244, FALSE, NULL, 13, NULL),
  (1245, TRUE, TIMESTAMP '2018-06-04 16:41:12.66', 13, NULL),
  (1246, TRUE, TIMESTAMP '2018-09-12 16:41:12.691', 13, NULL),
  (1247, FALSE, NULL, 13, NULL),
  (1248, FALSE, NULL, 13, NULL),
  (1249, FALSE, NULL, 13, NULL),
  (1250, TRUE, TIMESTAMP '2018-10-20 16:41:12.707', 13, NULL),
  (1251, FALSE, NULL, 13, NULL),
  (1252, TRUE, TIMESTAMP '2018-11-09 16:41:12.707', 13, NULL),
  (1253, FALSE, NULL, 13, NULL),
  (1254, TRUE, TIMESTAMP '2018-06-04 16:41:12.722', 13, NULL),
  (1255, TRUE, TIMESTAMP '2018-02-11 16:41:12.738', 13, NULL),
  (1256, FALSE, NULL, 13, NULL),
  (1257, TRUE, TIMESTAMP '2018-12-19 16:41:12.754', 13, NULL),
  (1258, TRUE, TIMESTAMP '2018-07-30 16:41:12.754', 13, NULL),
  (1259, FALSE, NULL, 13, NULL),
  (1260, TRUE, TIMESTAMP '2018-06-25 16:41:12.754', 13, NULL),
  (1261, TRUE, TIMESTAMP '2018-06-25 16:41:12.785', 13, NULL),
  (1262, TRUE, TIMESTAMP '2018-06-04 16:41:12.801', 13, NULL),
  (1263, FALSE, NULL, 13, NULL),
  (1264, FALSE, NULL, 13, NULL),
  (1265, FALSE, NULL, 13, NULL),
  (1266, TRUE, TIMESTAMP '2018-09-07 16:41:12.847', 13, NULL),
  (1267, TRUE, TIMESTAMP '2018-10-05 16:41:12.847', 13, NULL),
  (1268, FALSE, NULL, 13, NULL),
  (1269, FALSE, NULL, 13, NULL),
  (1270, FALSE, NULL, 13, NULL),
  (1271, TRUE, TIMESTAMP '2018-10-10 16:41:12.894', 13, NULL),
  (1272, TRUE, TIMESTAMP '2018-01-08 16:41:12.894', 13, NULL),
  (1273, TRUE, TIMESTAMP '2018-10-05 16:41:12.894', 13, NULL);
INSERT INTO PUBLIC.RESERVATION (ID, PAID, PAID_AT, PERFORMANCE_ID, CUSTOMER_ID) VALUES
  (1274, TRUE, TIMESTAMP '2018-10-22 16:41:12.894', 13, NULL),
  (1275, FALSE, NULL, 13, NULL),
  (1276, FALSE, NULL, 13, NULL),
  (1277, FALSE, NULL, 13, NULL),
  (1278, TRUE, TIMESTAMP '2018-09-18 16:41:12.941', 13, NULL),
  (1279, TRUE, TIMESTAMP '2018-07-22 16:41:12.941', 13, NULL),
  (1280, TRUE, TIMESTAMP '2018-06-08 16:41:12.972', 13, NULL),
  (1281, FALSE, NULL, 13, NULL),
  (1282, TRUE, TIMESTAMP '2018-01-01 16:41:12.988', 13, NULL),
  (1283, TRUE, TIMESTAMP '2018-08-17 16:41:12.988', 13, NULL),
  (1284, FALSE, NULL, 13, NULL),
  (1285, TRUE, TIMESTAMP '2018-12-28 16:41:12.988', 13, NULL),
  (1286, TRUE, TIMESTAMP '2018-08-21 16:41:13.019', 13, NULL),
  (1287, FALSE, NULL, 13, NULL),
  (1288, TRUE, TIMESTAMP '2018-05-07 16:41:13.035', 13, NULL),
  (1289, TRUE, TIMESTAMP '2018-08-10 16:41:13.051', 13, NULL),
  (1290, FALSE, NULL, 13, NULL),
  (1291, TRUE, TIMESTAMP '2018-03-19 16:41:13.066', 13, NULL),
  (1292, FALSE, NULL, 13, NULL),
  (1293, TRUE, TIMESTAMP '2018-09-04 16:41:13.082', 13, NULL),
  (1294, FALSE, NULL, 13, NULL),
  (1295, FALSE, NULL, 13, NULL),
  (1296, TRUE, TIMESTAMP '2018-06-27 16:41:13.082', 13, NULL),
  (1297, TRUE, TIMESTAMP '2018-12-14 16:41:13.113', 13, NULL),
  (1298, FALSE, NULL, 13, NULL),
  (1299, TRUE, TIMESTAMP '2018-06-14 16:41:13.129', 13, NULL),
  (1300, FALSE, NULL, 13, NULL),
  (1301, FALSE, NULL, 14, NULL),
  (1302, FALSE, NULL, 14, NULL),
  (1303, FALSE, NULL, 14, NULL),
  (1304, TRUE, TIMESTAMP '2018-04-17 16:41:13.176', 14, NULL),
  (1305, TRUE, TIMESTAMP '2018-05-08 16:41:13.176', 14, NULL),
  (1306, FALSE, NULL, 14, NULL),
  (1307, TRUE, TIMESTAMP '2018-07-05 16:41:13.176', 14, NULL),
  (1308, TRUE, TIMESTAMP '2018-03-13 16:41:13.207', 14, NULL),
  (1309, FALSE, NULL, 14, NULL),
  (1310, FALSE, NULL, 14, NULL),
  (1311, TRUE, TIMESTAMP '2018-09-17 16:41:13.222', 14, NULL),
  (1312, FALSE, NULL, 14, NULL),
  (1313, TRUE, TIMESTAMP '2018-02-11 16:41:13.222', 14, NULL),
  (1314, TRUE, TIMESTAMP '2018-05-11 16:41:13.269', 14, NULL),
  (1315, FALSE, NULL, 14, NULL),
  (1316, FALSE, NULL, 14, NULL),
  (1317, TRUE, TIMESTAMP '2018-08-11 16:41:13.285', 14, NULL),
  (1318, FALSE, NULL, 14, NULL),
  (1319, FALSE, NULL, 14, NULL),
  (1320, FALSE, NULL, 14, NULL),
  (1321, TRUE, TIMESTAMP '2018-06-28 16:41:13.332', 14, NULL),
  (1322, TRUE, TIMESTAMP '2018-12-05 16:41:13.332', 14, NULL),
  (1323, TRUE, TIMESTAMP '2018-06-09 16:41:13.332', 14, NULL),
  (1324, FALSE, NULL, 14, NULL),
  (1325, TRUE, TIMESTAMP '2018-01-20 16:41:13.379', 14, NULL),
  (1326, FALSE, NULL, 14, NULL),
  (1327, TRUE, TIMESTAMP '2018-05-14 16:41:13.379', 14, NULL),
  (1328, TRUE, TIMESTAMP '2018-11-17 16:41:13.379', 14, NULL),
  (1329, TRUE, TIMESTAMP '2018-06-06 16:41:13.394', 14, NULL),
  (1330, TRUE, TIMESTAMP '2018-01-27 16:41:13.426', 14, NULL),
  (1331, FALSE, NULL, 14, NULL),
  (1332, FALSE, NULL, 14, NULL),
  (1333, TRUE, TIMESTAMP '2018-02-14 16:41:13.488', 14, NULL),
  (1334, TRUE, TIMESTAMP '2018-04-23 16:41:13.488', 14, NULL),
  (1335, FALSE, NULL, 14, NULL),
  (1336, FALSE, NULL, 14, NULL),
  (1337, FALSE, NULL, 14, NULL),
  (1338, FALSE, NULL, 14, NULL),
  (1339, FALSE, NULL, 14, NULL),
  (1340, FALSE, NULL, 14, NULL),
  (1341, FALSE, NULL, 14, NULL),
  (1342, FALSE, NULL, 14, NULL),
  (1343, TRUE, TIMESTAMP '2018-12-16 16:41:13.597', 14, NULL),
  (1344, FALSE, NULL, 14, NULL),
  (1345, TRUE, TIMESTAMP '2018-08-18 16:41:13.597', 14, NULL),
  (1346, TRUE, TIMESTAMP '2018-07-26 16:41:13.613', 14, NULL),
  (1347, FALSE, NULL, 14, NULL),
  (1348, TRUE, TIMESTAMP '2018-02-14 16:41:13.66', 14, NULL),
  (1349, TRUE, TIMESTAMP '2018-09-24 16:41:13.66', 14, NULL),
  (1350, TRUE, TIMESTAMP '2018-08-15 16:41:13.66', 14, NULL),
  (1351, TRUE, TIMESTAMP '2018-06-08 16:41:13.676', 14, NULL),
  (1352, TRUE, TIMESTAMP '2018-09-15 16:41:13.676', 14, NULL),
  (1353, FALSE, NULL, 14, NULL),
  (1354, TRUE, TIMESTAMP '2018-12-09 16:41:13.676', 14, NULL),
  (1355, TRUE, TIMESTAMP '2018-08-17 16:41:13.676', 14, NULL),
  (1356, TRUE, TIMESTAMP '2018-06-08 16:41:13.707', 14, NULL),
  (1357, TRUE, TIMESTAMP '2018-05-11 16:41:13.707', 14, NULL),
  (1358, FALSE, NULL, 14, NULL),
  (1359, TRUE, TIMESTAMP '2018-05-23 16:41:13.722', 14, NULL);
INSERT INTO PUBLIC.RESERVATION (ID, PAID, PAID_AT, PERFORMANCE_ID, CUSTOMER_ID) VALUES
  (1360, TRUE, TIMESTAMP '2018-11-29 16:41:13.722', 14, NULL),
  (1361, FALSE, NULL, 14, NULL),
  (1362, FALSE, NULL, 14, NULL),
  (1363, FALSE, NULL, 14, NULL),
  (1364, TRUE, TIMESTAMP '2018-04-06 16:41:13.785', 14, NULL),
  (1365, FALSE, NULL, 14, NULL),
  (1366, TRUE, TIMESTAMP '2018-03-03 16:41:13.785', 14, NULL),
  (1367, FALSE, NULL, 14, NULL),
  (1368, TRUE, TIMESTAMP '2018-09-30 16:41:13.832', 14, NULL),
  (1369, TRUE, TIMESTAMP '2018-03-29 16:41:13.832', 14, NULL),
  (1370, TRUE, TIMESTAMP '2018-06-23 16:41:13.832', 14, NULL),
  (1371, FALSE, NULL, 14, NULL),
  (1372, TRUE, TIMESTAMP '2018-08-08 16:41:13.879', 14, NULL),
  (1373, TRUE, TIMESTAMP '2018-07-04 16:41:13.886', 14, NULL),
  (1374, FALSE, NULL, 14, NULL),
  (1375, FALSE, NULL, 14, NULL),
  (1376, FALSE, NULL, 14, NULL),
  (1377, TRUE, TIMESTAMP '2018-03-06 16:41:13.903', 14, NULL),
  (1378, TRUE, TIMESTAMP '2018-06-21 16:41:13.903', 14, NULL),
  (1379, TRUE, TIMESTAMP '2018-02-03 16:41:13.919', 14, NULL),
  (1380, TRUE, TIMESTAMP '2018-02-04 16:41:13.934', 14, NULL),
  (1381, FALSE, NULL, 14, NULL),
  (1382, TRUE, TIMESTAMP '2018-03-13 16:41:13.95', 14, NULL),
  (1383, TRUE, TIMESTAMP '2018-07-28 16:41:13.962', 14, NULL),
  (1384, FALSE, NULL, 14, NULL),
  (1385, FALSE, NULL, 14, NULL),
  (1386, FALSE, NULL, 14, NULL),
  (1387, FALSE, NULL, 14, NULL),
  (1388, TRUE, TIMESTAMP '2018-11-03 16:41:14', 14, NULL),
  (1389, TRUE, TIMESTAMP '2018-03-04 16:41:14', 14, NULL),
  (1390, FALSE, NULL, 14, NULL),
  (1391, TRUE, TIMESTAMP '2018-12-17 16:41:14.031', 14, NULL),
  (1392, TRUE, TIMESTAMP '2018-04-20 16:41:14.031', 14, NULL),
  (1393, FALSE, NULL, 14, NULL),
  (1394, TRUE, TIMESTAMP '2018-02-09 16:41:14.047', 14, NULL),
  (1395, TRUE, TIMESTAMP '2018-09-10 16:41:14.047', 14, NULL),
  (1396, FALSE, NULL, 14, NULL),
  (1397, FALSE, NULL, 14, NULL),
  (1398, FALSE, NULL, 14, NULL),
  (1399, TRUE, TIMESTAMP '2018-04-05 16:41:14.094', 14, NULL),
  (1400, FALSE, NULL, 14, NULL),
  (1401, TRUE, TIMESTAMP '2018-05-26 16:41:14.094', 15, NULL),
  (1402, TRUE, TIMESTAMP '2018-11-18 16:41:14.094', 15, NULL),
  (1403, FALSE, NULL, 15, NULL),
  (1404, TRUE, TIMESTAMP '2018-09-12 16:41:14.141', 15, NULL),
  (1405, TRUE, TIMESTAMP '2018-03-15 16:41:14.141', 15, NULL),
  (1406, FALSE, NULL, 15, NULL),
  (1407, FALSE, NULL, 15, NULL),
  (1408, TRUE, TIMESTAMP '2018-06-28 16:41:14.156', 15, NULL),
  (1409, FALSE, NULL, 15, NULL),
  (1410, TRUE, TIMESTAMP '2018-08-30 16:41:14.219', 15, NULL),
  (1411, TRUE, TIMESTAMP '2018-09-15 16:41:14.219', 15, NULL),
  (1412, FALSE, NULL, 15, NULL),
  (1413, FALSE, NULL, 15, NULL),
  (1414, TRUE, TIMESTAMP '2018-02-06 16:41:14.266', 15, NULL),
  (1415, TRUE, TIMESTAMP '2018-10-16 16:41:14.266', 15, NULL),
  (1416, TRUE, TIMESTAMP '2018-09-07 16:41:14.266', 15, NULL),
  (1417, FALSE, NULL, 15, NULL),
  (1418, TRUE, TIMESTAMP '2018-11-19 16:41:14.312', 15, NULL),
  (1419, TRUE, TIMESTAMP '2018-03-07 16:41:14.328', 15, NULL),
  (1420, TRUE, TIMESTAMP '2018-12-18 16:41:14.359', 15, NULL),
  (1421, TRUE, TIMESTAMP '2018-05-11 16:41:14.359', 15, NULL),
  (1422, TRUE, TIMESTAMP '2018-01-05 16:41:14.359', 15, NULL),
  (1423, FALSE, NULL, 15, NULL),
  (1424, TRUE, TIMESTAMP '2018-05-18 16:41:14.375', 15, NULL),
  (1425, FALSE, NULL, 15, NULL),
  (1426, TRUE, TIMESTAMP '2018-09-06 16:41:14.375', 15, NULL),
  (1427, TRUE, TIMESTAMP '2018-07-20 16:41:14.422', 15, NULL),
  (1428, TRUE, TIMESTAMP '2018-06-17 16:41:14.437', 15, NULL),
  (1429, TRUE, TIMESTAMP '2018-04-24 16:41:14.437', 15, NULL),
  (1430, FALSE, NULL, 15, NULL),
  (1431, FALSE, NULL, 15, NULL),
  (1432, FALSE, NULL, 15, NULL),
  (1433, FALSE, NULL, 15, NULL),
  (1434, FALSE, NULL, 15, NULL),
  (1435, TRUE, TIMESTAMP '2018-02-02 16:41:14.515', 15, NULL),
  (1436, TRUE, TIMESTAMP '2018-05-11 16:41:14.558', 15, NULL),
  (1437, FALSE, NULL, 15, NULL),
  (1438, FALSE, NULL, 15, NULL),
  (1439, TRUE, TIMESTAMP '2018-11-02 16:41:14.565', 15, NULL),
  (1440, FALSE, NULL, 15, NULL),
  (1441, FALSE, NULL, 15, NULL),
  (1442, TRUE, TIMESTAMP '2018-09-06 16:41:14.581', 15, NULL),
  (1443, FALSE, NULL, 15, NULL),
  (1444, TRUE, TIMESTAMP '2018-11-12 16:41:14.628', 15, NULL),
  (1445, TRUE, TIMESTAMP '2018-09-13 16:41:14.643', 15, NULL);
INSERT INTO PUBLIC.RESERVATION (ID, PAID, PAID_AT, PERFORMANCE_ID, CUSTOMER_ID) VALUES
  (1446, FALSE, NULL, 15, NULL),
  (1447, TRUE, TIMESTAMP '2018-11-23 16:41:14.69', 15, NULL),
  (1448, TRUE, TIMESTAMP '2018-10-20 16:41:14.706', 15, NULL),
  (1449, FALSE, NULL, 15, NULL),
  (1450, TRUE, TIMESTAMP '2018-02-01 16:41:14.706', 15, NULL),
  (1451, TRUE, TIMESTAMP '2018-06-24 16:41:14.706', 15, NULL),
  (1452, TRUE, TIMESTAMP '2018-11-29 16:41:14.722', 15, NULL),
  (1453, TRUE, TIMESTAMP '2018-04-28 16:41:14.753', 15, NULL),
  (1454, FALSE, NULL, 15, NULL),
  (1455, TRUE, TIMESTAMP '2018-06-30 16:41:14.753', 15, NULL),
  (1456, FALSE, NULL, 15, NULL),
  (1457, FALSE, NULL, 15, NULL),
  (1458, FALSE, NULL, 15, NULL),
  (1459, TRUE, TIMESTAMP '2018-04-17 16:41:14.804', 15, NULL),
  (1460, FALSE, NULL, 15, NULL),
  (1461, TRUE, TIMESTAMP '2018-10-04 16:41:14.804', 15, NULL),
  (1462, FALSE, NULL, 15, NULL),
  (1463, FALSE, NULL, 15, NULL),
  (1464, TRUE, TIMESTAMP '2018-01-14 16:41:14.835', 15, NULL),
  (1465, TRUE, TIMESTAMP '2018-02-21 16:41:14.851', 15, NULL),
  (1466, FALSE, NULL, 15, NULL),
  (1467, FALSE, NULL, 15, NULL),
  (1468, TRUE, TIMESTAMP '2018-12-14 16:41:14.866', 15, NULL),
  (1469, FALSE, NULL, 15, NULL),
  (1470, FALSE, NULL, 15, NULL),
  (1471, FALSE, NULL, 15, NULL),
  (1472, FALSE, NULL, 15, NULL),
  (1473, TRUE, TIMESTAMP '2018-09-13 16:41:14.902', 15, NULL),
  (1474, TRUE, TIMESTAMP '2018-03-03 16:41:14.918', 15, NULL),
  (1475, FALSE, NULL, 15, NULL),
  (1476, FALSE, NULL, 15, NULL),
  (1477, FALSE, NULL, 15, NULL),
  (1478, FALSE, NULL, 15, NULL),
  (1479, TRUE, TIMESTAMP '2018-11-03 16:41:14.949', 15, NULL),
  (1480, TRUE, TIMESTAMP '2018-07-08 16:41:14.949', 15, NULL),
  (1481, TRUE, TIMESTAMP '2018-02-23 16:41:14.949', 15, NULL),
  (1482, TRUE, TIMESTAMP '2018-09-14 16:41:14.965', 15, NULL),
  (1483, TRUE, TIMESTAMP '2018-03-11 16:41:14.996', 15, NULL),
  (1484, TRUE, TIMESTAMP '2018-11-13 16:41:14.996', 15, NULL),
  (1485, FALSE, NULL, 15, NULL),
  (1486, TRUE, TIMESTAMP '2018-05-25 16:41:14.996', 15, NULL),
  (1487, FALSE, NULL, 15, NULL),
  (1488, FALSE, NULL, 15, NULL),
  (1489, FALSE, NULL, 15, NULL),
  (1490, TRUE, TIMESTAMP '2018-11-18 16:41:15.043', 15, NULL),
  (1491, FALSE, NULL, 15, NULL),
  (1492, FALSE, NULL, 15, NULL),
  (1493, TRUE, TIMESTAMP '2018-01-17 16:41:15.058', 15, NULL),
  (1494, FALSE, NULL, 15, NULL),
  (1495, FALSE, NULL, 15, NULL),
  (1496, FALSE, NULL, 15, NULL),
  (1497, FALSE, NULL, 15, NULL),
  (1498, FALSE, NULL, 15, NULL),
  (1499, TRUE, TIMESTAMP '2018-09-23 16:41:15.136', 15, NULL),
  (1500, FALSE, NULL, 15, NULL),
  (1501, FALSE, NULL, 16, NULL),
  (1502, FALSE, NULL, 16, NULL),
  (1503, TRUE, TIMESTAMP '2018-01-07 16:41:15.183', 16, NULL),
  (1504, FALSE, NULL, 16, NULL),
  (1505, FALSE, NULL, 16, NULL),
  (1506, TRUE, TIMESTAMP '2018-06-30 16:41:15.199', 16, NULL),
  (1507, TRUE, TIMESTAMP '2018-11-09 16:41:15.246', 16, NULL),
  (1508, FALSE, NULL, 16, NULL),
  (1509, FALSE, NULL, 16, NULL),
  (1510, FALSE, NULL, 16, NULL),
  (1511, TRUE, TIMESTAMP '2018-05-22 16:41:15.261', 16, NULL),
  (1512, FALSE, NULL, 16, NULL),
  (1513, FALSE, NULL, 16, NULL),
  (1514, TRUE, TIMESTAMP '2018-04-18 16:41:15.324', 16, NULL),
  (1515, FALSE, NULL, 16, NULL),
  (1516, TRUE, TIMESTAMP '2018-02-28 16:41:15.324', 16, NULL),
  (1517, FALSE, NULL, 16, NULL),
  (1518, FALSE, NULL, 16, NULL),
  (1519, TRUE, TIMESTAMP '2018-05-21 16:41:15.371', 16, NULL),
  (1520, TRUE, TIMESTAMP '2018-04-18 16:41:15.386', 16, NULL),
  (1521, FALSE, NULL, 16, NULL),
  (1522, TRUE, TIMESTAMP '2018-03-14 16:41:15.386', 16, NULL),
  (1523, FALSE, NULL, 16, NULL),
  (1524, FALSE, NULL, 16, NULL),
  (1525, FALSE, NULL, 16, NULL),
  (1526, TRUE, TIMESTAMP '2018-08-13 16:41:15.435', 16, NULL),
  (1527, TRUE, TIMESTAMP '2018-06-20 16:41:15.45', 16, NULL),
  (1528, TRUE, TIMESTAMP '2018-04-28 16:41:15.45', 16, NULL),
  (1529, TRUE, TIMESTAMP '2018-12-24 16:41:15.45', 16, NULL),
  (1530, FALSE, NULL, 16, NULL),
  (1531, TRUE, TIMESTAMP '2018-03-01 16:41:15.466', 16, NULL),
  (1532, TRUE, TIMESTAMP '2018-12-30 16:41:15.497', 16, NULL),
  (1533, FALSE, NULL, 16, NULL),
  (1534, TRUE, TIMESTAMP '2018-06-20 16:41:15.497', 16, NULL),
  (1535, FALSE, NULL, 16, NULL),
  (1536, FALSE, NULL, 16, NULL);
INSERT INTO PUBLIC.RESERVATION (ID, PAID, PAID_AT, PERFORMANCE_ID, CUSTOMER_ID) VALUES
  (1537, FALSE, NULL, 16, NULL),
  (1538, FALSE, NULL, 16, NULL),
  (1539, TRUE, TIMESTAMP '2018-10-03 16:41:15.544', 16, NULL),
  (1540, FALSE, NULL, 16, NULL),
  (1541, FALSE, NULL, 16, NULL),
  (1542, FALSE, NULL, 16, NULL),
  (1543, FALSE, NULL, 16, NULL),
  (1544, FALSE, NULL, 16, NULL),
  (1545, TRUE, TIMESTAMP '2018-01-31 16:41:15.606', 16, NULL),
  (1546, FALSE, NULL, 16, NULL),
  (1547, FALSE, NULL, 16, NULL),
  (1548, TRUE, TIMESTAMP '2018-09-11 16:41:15.622', 16, NULL),
  (1549, FALSE, NULL, 16, NULL),
  (1550, FALSE, NULL, 16, NULL),
  (1551, FALSE, NULL, 16, NULL),
  (1552, TRUE, TIMESTAMP '2018-08-31 16:41:15.669', 16, NULL),
  (1553, TRUE, TIMESTAMP '2018-03-07 16:41:15.669', 16, NULL),
  (1554, FALSE, NULL, 16, NULL),
  (1555, TRUE, TIMESTAMP '2018-04-02 16:41:15.716', 16, NULL),
  (1556, FALSE, NULL, 16, NULL),
  (1557, TRUE, TIMESTAMP '2018-05-25 16:41:15.716', 16, NULL),
  (1558, TRUE, TIMESTAMP '2018-08-31 16:41:15.731', 16, NULL),
  (1559, FALSE, NULL, 16, NULL),
  (1560, TRUE, TIMESTAMP '2018-10-30 16:41:15.763', 16, NULL),
  (1561, TRUE, TIMESTAMP '2018-01-22 16:41:15.763', 16, NULL),
  (1562, TRUE, TIMESTAMP '2018-08-07 16:41:15.778', 16, NULL),
  (1563, FALSE, NULL, 16, NULL),
  (1564, TRUE, TIMESTAMP '2018-04-03 16:41:15.81', 16, NULL),
  (1565, TRUE, TIMESTAMP '2018-08-06 16:41:15.825', 16, NULL),
  (1566, TRUE, TIMESTAMP '2018-05-13 16:41:15.874', 16, NULL),
  (1567, TRUE, TIMESTAMP '2018-02-11 16:41:15.88', 16, NULL),
  (1568, FALSE, NULL, 16, NULL),
  (1569, TRUE, TIMESTAMP '2018-04-13 16:41:15.91', 16, NULL),
  (1570, FALSE, NULL, 16, NULL),
  (1571, TRUE, TIMESTAMP '2018-11-23 16:41:16.023', 16, NULL),
  (1572, TRUE, TIMESTAMP '2018-10-21 16:41:16.039', 16, NULL),
  (1573, TRUE, TIMESTAMP '2018-08-06 16:41:16.039', 16, NULL),
  (1574, TRUE, TIMESTAMP '2018-12-05 16:41:16.039', 16, NULL),
  (1575, TRUE, TIMESTAMP '2018-10-06 16:41:16.101', 16, NULL),
  (1576, TRUE, TIMESTAMP '2018-09-07 16:41:16.117', 16, NULL),
  (1577, TRUE, TIMESTAMP '2018-08-24 16:41:16.164', 16, NULL),
  (1578, FALSE, NULL, 16, NULL),
  (1579, FALSE, NULL, 16, NULL),
  (1580, FALSE, NULL, 16, NULL),
  (1581, TRUE, TIMESTAMP '2018-03-04 16:41:16.226', 16, NULL),
  (1582, FALSE, NULL, 16, NULL),
  (1583, TRUE, TIMESTAMP '2018-12-25 16:41:16.226', 16, NULL),
  (1584, FALSE, NULL, 16, NULL),
  (1585, FALSE, NULL, 16, NULL),
  (1586, TRUE, TIMESTAMP '2018-05-19 16:41:16.289', 16, NULL),
  (1587, TRUE, TIMESTAMP '2018-03-07 16:41:16.289', 16, NULL),
  (1588, TRUE, TIMESTAMP '2018-08-29 16:41:16.289', 16, NULL),
  (1589, TRUE, TIMESTAMP '2018-06-09 16:41:16.304', 16, NULL),
  (1590, FALSE, NULL, 16, NULL),
  (1591, TRUE, TIMESTAMP '2018-07-23 16:41:16.336', 16, NULL),
  (1592, FALSE, NULL, 16, NULL),
  (1593, TRUE, TIMESTAMP '2018-09-23 16:41:16.351', 16, NULL),
  (1594, FALSE, NULL, 16, NULL),
  (1595, FALSE, NULL, 16, NULL),
  (1596, FALSE, NULL, 16, NULL),
  (1597, FALSE, NULL, 16, NULL),
  (1598, FALSE, NULL, 16, NULL),
  (1599, TRUE, TIMESTAMP '2018-09-07 16:41:16.398', 16, NULL),
  (1600, FALSE, NULL, 16, NULL),
  (1601, TRUE, TIMESTAMP '2018-05-25 16:41:16.414', 17, NULL),
  (1602, TRUE, TIMESTAMP '2018-12-18 16:41:16.429', 17, NULL),
  (1603, TRUE, TIMESTAMP '2018-02-28 16:41:16.445', 17, NULL),
  (1604, TRUE, TIMESTAMP '2018-04-19 16:41:16.445', 17, NULL),
  (1605, TRUE, TIMESTAMP '2018-09-16 16:41:16.445', 17, NULL),
  (1606, TRUE, TIMESTAMP '2018-02-10 16:41:16.445', 17, NULL),
  (1607, FALSE, NULL, 17, NULL),
  (1608, TRUE, TIMESTAMP '2018-05-18 16:41:16.476', 17, NULL),
  (1609, FALSE, NULL, 17, NULL),
  (1610, FALSE, NULL, 17, NULL),
  (1611, TRUE, TIMESTAMP '2018-01-05 16:41:16.492', 17, NULL),
  (1612, FALSE, NULL, 17, NULL),
  (1613, FALSE, NULL, 17, NULL),
  (1614, TRUE, TIMESTAMP '2018-08-13 16:41:16.539', 17, NULL),
  (1615, TRUE, TIMESTAMP '2018-06-02 16:41:16.539', 17, NULL),
  (1616, TRUE, TIMESTAMP '2018-03-31 16:41:16.539', 17, NULL),
  (1617, TRUE, TIMESTAMP '2018-05-13 16:41:16.539', 17, NULL),
  (1618, FALSE, NULL, 17, NULL),
  (1619, TRUE, TIMESTAMP '2018-02-13 16:41:16.57', 17, NULL),
  (1620, FALSE, NULL, 17, NULL),
  (1621, TRUE, TIMESTAMP '2018-05-24 16:41:16.586', 17, NULL),
  (1622, FALSE, NULL, 17, NULL);
INSERT INTO PUBLIC.RESERVATION (ID, PAID, PAID_AT, PERFORMANCE_ID, CUSTOMER_ID) VALUES
  (1623, FALSE, NULL, 17, NULL),
  (1624, FALSE, NULL, 17, NULL),
  (1625, TRUE, TIMESTAMP '2018-10-10 16:41:16.632', 17, NULL),
  (1626, FALSE, NULL, 17, NULL),
  (1627, TRUE, TIMESTAMP '2018-07-13 16:41:16.632', 17, NULL),
  (1628, TRUE, TIMESTAMP '2018-04-13 16:41:16.632', 17, NULL),
  (1629, FALSE, NULL, 17, NULL),
  (1630, TRUE, TIMESTAMP '2018-12-28 16:41:16.664', 17, NULL),
  (1631, TRUE, TIMESTAMP '2018-01-26 16:41:16.679', 17, NULL),
  (1632, TRUE, TIMESTAMP '2018-02-06 16:41:16.679', 17, NULL),
  (1633, TRUE, TIMESTAMP '2018-06-27 16:41:16.679', 17, NULL),
  (1634, TRUE, TIMESTAMP '2018-11-05 16:41:16.679', 17, NULL),
  (1635, FALSE, NULL, 17, NULL),
  (1636, TRUE, TIMESTAMP '2018-04-02 16:41:16.726', 17, NULL),
  (1637, FALSE, NULL, 17, NULL),
  (1638, TRUE, TIMESTAMP '2018-01-29 16:41:16.757', 17, NULL),
  (1639, TRUE, TIMESTAMP '2018-09-29 16:41:16.757', 17, NULL),
  (1640, FALSE, NULL, 17, NULL),
  (1641, FALSE, NULL, 17, NULL),
  (1642, FALSE, NULL, 17, NULL),
  (1643, TRUE, TIMESTAMP '2018-09-29 16:41:16.773', 17, NULL),
  (1644, TRUE, TIMESTAMP '2018-06-13 16:41:16.789', 17, NULL),
  (1645, FALSE, NULL, 17, NULL),
  (1646, FALSE, NULL, 17, NULL),
  (1647, TRUE, TIMESTAMP '2018-07-02 16:41:16.82', 17, NULL),
  (1648, FALSE, NULL, 17, NULL),
  (1649, TRUE, TIMESTAMP '2018-04-10 16:41:16.82', 17, NULL),
  (1650, TRUE, TIMESTAMP '2018-10-01 16:41:16.851', 17, NULL),
  (1651, FALSE, NULL, 17, NULL),
  (1652, FALSE, NULL, 17, NULL),
  (1653, TRUE, TIMESTAMP '2018-07-01 16:41:16.873', 17, NULL),
  (1654, FALSE, NULL, 17, NULL),
  (1655, TRUE, TIMESTAMP '2018-08-01 16:41:16.875', 17, NULL),
  (1656, FALSE, NULL, 17, NULL),
  (1657, FALSE, NULL, 17, NULL),
  (1658, FALSE, NULL, 17, NULL),
  (1659, FALSE, NULL, 17, NULL),
  (1660, FALSE, NULL, 17, NULL),
  (1661, TRUE, TIMESTAMP '2018-12-10 16:41:16.922', 17, NULL),
  (1662, FALSE, NULL, 17, NULL),
  (1663, FALSE, NULL, 17, NULL),
  (1664, TRUE, TIMESTAMP '2018-03-04 16:41:16.953', 17, NULL),
  (1665, TRUE, TIMESTAMP '2018-01-28 16:41:16.969', 17, NULL),
  (1666, TRUE, TIMESTAMP '2018-12-15 16:41:16.969', 17, NULL),
  (1667, TRUE, TIMESTAMP '2018-01-11 16:41:16.969', 17, NULL),
  (1668, TRUE, TIMESTAMP '2018-03-01 16:41:16.969', 17, NULL),
  (1669, FALSE, NULL, 17, NULL),
  (1670, FALSE, NULL, 17, NULL),
  (1671, FALSE, NULL, 17, NULL),
  (1672, TRUE, TIMESTAMP '2018-10-16 16:41:17.031', 17, NULL),
  (1673, TRUE, TIMESTAMP '2018-11-27 16:41:17.047', 17, NULL),
  (1674, FALSE, NULL, 17, NULL),
  (1675, TRUE, TIMESTAMP '2018-08-02 16:41:17.062', 17, NULL),
  (1676, FALSE, NULL, 17, NULL),
  (1677, TRUE, TIMESTAMP '2018-08-21 16:41:17.08', 17, NULL),
  (1678, TRUE, TIMESTAMP '2018-12-05 16:41:17.102', 17, NULL),
  (1679, TRUE, TIMESTAMP '2018-06-24 16:41:17.106', 17, NULL),
  (1680, FALSE, NULL, 17, NULL),
  (1681, FALSE, NULL, 17, NULL),
  (1682, FALSE, NULL, 17, NULL),
  (1683, FALSE, NULL, 17, NULL),
  (1684, TRUE, TIMESTAMP '2018-10-19 16:41:17.156', 17, NULL),
  (1685, TRUE, TIMESTAMP '2018-10-31 16:41:17.157', 17, NULL),
  (1686, TRUE, TIMESTAMP '2018-09-07 16:41:17.157', 17, NULL),
  (1687, FALSE, NULL, 17, NULL),
  (1688, TRUE, TIMESTAMP '2018-01-04 16:41:17.172', 17, NULL),
  (1689, FALSE, NULL, 17, NULL),
  (1690, FALSE, NULL, 17, NULL),
  (1691, TRUE, TIMESTAMP '2018-04-26 16:41:17.172', 17, NULL),
  (1692, TRUE, TIMESTAMP '2018-08-20 16:41:17.188', 17, NULL),
  (1693, TRUE, TIMESTAMP '2018-04-12 16:41:17.203', 17, NULL),
  (1694, FALSE, NULL, 17, NULL),
  (1695, TRUE, TIMESTAMP '2018-01-20 16:41:17.219', 17, NULL),
  (1696, TRUE, TIMESTAMP '2018-08-24 16:41:17.219', 17, NULL),
  (1697, FALSE, NULL, 17, NULL),
  (1698, FALSE, NULL, 17, NULL),
  (1699, TRUE, TIMESTAMP '2018-03-26 16:41:17.27', 17, NULL),
  (1700, TRUE, TIMESTAMP '2018-11-01 16:41:17.27', 17, NULL),
  (1701, TRUE, TIMESTAMP '2018-07-18 16:41:17.27', 18, NULL),
  (1702, TRUE, TIMESTAMP '2018-10-28 16:41:17.27', 18, NULL),
  (1703, FALSE, NULL, 18, NULL),
  (1704, TRUE, TIMESTAMP '2018-08-18 16:41:17.301', 18, NULL),
  (1705, FALSE, NULL, 18, NULL),
  (1706, TRUE, TIMESTAMP '2018-04-23 16:41:17.317', 18, NULL),
  (1707, FALSE, NULL, 18, NULL),
  (1708, TRUE, TIMESTAMP '2018-04-05 16:41:17.317', 18, NULL);
INSERT INTO PUBLIC.RESERVATION (ID, PAID, PAID_AT, PERFORMANCE_ID, CUSTOMER_ID) VALUES
  (1709, TRUE, TIMESTAMP '2018-02-07 16:41:17.317', 18, NULL),
  (1710, FALSE, NULL, 18, NULL),
  (1711, TRUE, TIMESTAMP '2018-03-19 16:41:17.364', 18, NULL),
  (1712, FALSE, NULL, 18, NULL),
  (1713, FALSE, NULL, 18, NULL),
  (1714, TRUE, TIMESTAMP '2018-09-06 16:41:17.379', 18, NULL),
  (1715, FALSE, NULL, 18, NULL),
  (1716, FALSE, NULL, 18, NULL),
  (1717, TRUE, TIMESTAMP '2018-06-09 16:41:17.411', 18, NULL),
  (1718, TRUE, TIMESTAMP '2018-01-05 16:41:17.411', 18, NULL),
  (1719, TRUE, TIMESTAMP '2018-02-10 16:41:17.426', 18, NULL),
  (1720, TRUE, TIMESTAMP '2018-11-24 16:41:17.457', 18, NULL),
  (1721, FALSE, NULL, 18, NULL),
  (1722, FALSE, NULL, 18, NULL),
  (1723, FALSE, NULL, 18, NULL),
  (1724, FALSE, NULL, 18, NULL),
  (1725, FALSE, NULL, 18, NULL),
  (1726, TRUE, TIMESTAMP '2018-11-26 16:41:17.473', 18, NULL),
  (1727, FALSE, NULL, 18, NULL),
  (1728, FALSE, NULL, 18, NULL),
  (1729, FALSE, NULL, 18, NULL),
  (1730, FALSE, NULL, 18, NULL),
  (1731, FALSE, NULL, 18, NULL),
  (1732, TRUE, TIMESTAMP '2018-05-16 16:41:17.52', 18, NULL),
  (1733, TRUE, TIMESTAMP '2018-03-10 16:41:17.536', 18, NULL),
  (1734, TRUE, TIMESTAMP '2018-04-19 16:41:17.565', 18, NULL),
  (1735, FALSE, NULL, 18, NULL),
  (1736, TRUE, TIMESTAMP '2018-04-08 16:41:17.573', 18, NULL),
  (1737, FALSE, NULL, 18, NULL),
  (1738, FALSE, NULL, 18, NULL),
  (1739, TRUE, TIMESTAMP '2018-10-14 16:41:17.583', 18, NULL),
  (1740, FALSE, NULL, 18, NULL),
  (1741, TRUE, TIMESTAMP '2018-09-22 16:41:17.583', 18, NULL),
  (1742, TRUE, TIMESTAMP '2018-11-24 16:41:17.583', 18, NULL),
  (1743, FALSE, NULL, 18, NULL),
  (1744, FALSE, NULL, 18, NULL),
  (1745, TRUE, TIMESTAMP '2018-05-13 16:41:17.614', 18, NULL),
  (1746, FALSE, NULL, 18, NULL),
  (1747, TRUE, TIMESTAMP '2018-06-06 16:41:17.63', 18, NULL),
  (1748, TRUE, TIMESTAMP '2018-01-11 16:41:17.63', 18, NULL),
  (1749, TRUE, TIMESTAMP '2018-01-19 16:41:17.646', 18, NULL),
  (1750, TRUE, TIMESTAMP '2018-11-01 16:41:17.661', 18, NULL),
  (1751, FALSE, NULL, 18, NULL),
  (1752, FALSE, NULL, 18, NULL),
  (1753, TRUE, TIMESTAMP '2018-11-29 16:41:17.677', 18, NULL),
  (1754, TRUE, TIMESTAMP '2018-05-22 16:41:17.677', 18, NULL),
  (1755, TRUE, TIMESTAMP '2018-11-19 16:41:17.708', 18, NULL),
  (1756, FALSE, NULL, 18, NULL),
  (1757, TRUE, TIMESTAMP '2018-11-04 16:41:17.708', 18, NULL),
  (1758, TRUE, TIMESTAMP '2018-10-11 16:41:17.724', 18, NULL),
  (1759, FALSE, NULL, 18, NULL),
  (1760, TRUE, TIMESTAMP '2018-10-22 16:41:17.724', 18, NULL),
  (1761, TRUE, TIMESTAMP '2018-06-08 16:41:17.724', 18, NULL),
  (1762, FALSE, NULL, 18, NULL),
  (1763, TRUE, TIMESTAMP '2018-09-02 16:41:17.771', 18, NULL),
  (1764, TRUE, TIMESTAMP '2018-08-21 16:41:17.771', 18, NULL),
  (1765, TRUE, TIMESTAMP '2018-08-15 16:41:17.771', 18, NULL),
  (1766, TRUE, TIMESTAMP '2018-06-17 16:41:17.771', 18, NULL),
  (1767, TRUE, TIMESTAMP '2018-10-06 16:41:17.771', 18, NULL),
  (1768, FALSE, NULL, 18, NULL),
  (1769, FALSE, NULL, 18, NULL),
  (1770, FALSE, NULL, 18, NULL),
  (1771, FALSE, NULL, 18, NULL),
  (1772, FALSE, NULL, 18, NULL),
  (1773, TRUE, TIMESTAMP '2018-05-19 16:41:17.786', 18, NULL),
  (1774, FALSE, NULL, 18, NULL),
  (1775, FALSE, NULL, 18, NULL),
  (1776, FALSE, NULL, 18, NULL),
  (1777, TRUE, TIMESTAMP '2018-12-06 16:41:17.88', 18, NULL),
  (1778, FALSE, NULL, 18, NULL),
  (1779, FALSE, NULL, 18, NULL),
  (1780, TRUE, TIMESTAMP '2018-02-02 16:41:17.884', 18, NULL),
  (1781, FALSE, NULL, 18, NULL),
  (1782, TRUE, TIMESTAMP '2018-02-22 16:41:17.884', 18, NULL),
  (1783, TRUE, TIMESTAMP '2018-07-29 16:41:17.884', 18, NULL),
  (1784, FALSE, NULL, 18, NULL),
  (1785, FALSE, NULL, 18, NULL),
  (1786, FALSE, NULL, 18, NULL),
  (1787, TRUE, TIMESTAMP '2018-04-27 16:41:17.931', 18, NULL),
  (1788, TRUE, TIMESTAMP '2018-06-29 16:41:17.931', 18, NULL),
  (1789, FALSE, NULL, 18, NULL),
  (1790, FALSE, NULL, 18, NULL),
  (1791, FALSE, NULL, 18, NULL),
  (1792, FALSE, NULL, 18, NULL),
  (1793, TRUE, TIMESTAMP '2018-02-14 16:41:17.978', 18, NULL),
  (1794, FALSE, NULL, 18, NULL),
  (1795, TRUE, TIMESTAMP '2018-10-01 16:41:17.993', 18, NULL),
  (1796, TRUE, TIMESTAMP '2018-02-19 16:41:18.009', 18, NULL),
  (1797, TRUE, TIMESTAMP '2018-11-07 16:41:18.009', 18, NULL);
INSERT INTO PUBLIC.RESERVATION (ID, PAID, PAID_AT, PERFORMANCE_ID, CUSTOMER_ID) VALUES
  (1798, TRUE, TIMESTAMP '2018-10-04 16:41:18.025', 18, NULL),
  (1799, FALSE, NULL, 18, NULL),
  (1800, TRUE, TIMESTAMP '2018-06-12 16:41:18.025', 18, NULL),
  (1801, FALSE, NULL, 19, NULL),
  (1802, TRUE, TIMESTAMP '2018-03-15 16:41:18.056', 19, NULL),
  (1803, TRUE, TIMESTAMP '2018-04-30 16:41:18.072', 19, NULL),
  (1804, TRUE, TIMESTAMP '2018-09-10 16:41:18.072', 19, NULL),
  (1805, TRUE, TIMESTAMP '2018-07-06 16:41:18.072', 19, NULL),
  (1806, TRUE, TIMESTAMP '2018-11-08 16:41:18.072', 19, NULL),
  (1807, FALSE, NULL, 19, NULL),
  (1808, FALSE, NULL, 19, NULL),
  (1809, FALSE, NULL, 19, NULL),
  (1810, TRUE, TIMESTAMP '2018-11-05 16:41:18.118', 19, NULL),
  (1811, TRUE, TIMESTAMP '2018-03-01 16:41:18.118', 19, NULL),
  (1812, FALSE, NULL, 19, NULL),
  (1813, FALSE, NULL, 19, NULL),
  (1814, TRUE, TIMESTAMP '2018-11-22 16:41:18.165', 19, NULL),
  (1815, TRUE, TIMESTAMP '2018-09-20 16:41:18.165', 19, NULL),
  (1816, TRUE, TIMESTAMP '2018-08-26 16:41:18.165', 19, NULL),
  (1817, TRUE, TIMESTAMP '2018-06-08 16:41:18.212', 19, NULL),
  (1818, TRUE, TIMESTAMP '2018-06-12 16:41:18.212', 19, NULL),
  (1819, TRUE, TIMESTAMP '2018-02-04 16:41:18.212', 19, NULL),
  (1820, TRUE, TIMESTAMP '2018-05-03 16:41:18.212', 19, NULL),
  (1821, TRUE, TIMESTAMP '2018-10-08 16:41:18.212', 19, NULL),
  (1822, FALSE, NULL, 19, NULL),
  (1823, FALSE, NULL, 19, NULL),
  (1824, FALSE, NULL, 19, NULL),
  (1825, FALSE, NULL, 19, NULL),
  (1826, TRUE, TIMESTAMP '2018-04-25 16:41:18.29', 19, NULL),
  (1827, FALSE, NULL, 19, NULL),
  (1828, FALSE, NULL, 19, NULL),
  (1829, TRUE, TIMESTAMP '2018-11-04 16:41:18.306', 19, NULL),
  (1830, FALSE, NULL, 19, NULL),
  (1831, TRUE, TIMESTAMP '2018-12-14 16:41:18.306', 19, NULL),
  (1832, FALSE, NULL, 19, NULL),
  (1833, FALSE, NULL, 19, NULL),
  (1834, FALSE, NULL, 19, NULL),
  (1835, TRUE, TIMESTAMP '2018-04-03 16:41:18.353', 19, NULL),
  (1836, TRUE, TIMESTAMP '2018-06-05 16:41:18.353', 19, NULL),
  (1837, FALSE, NULL, 19, NULL),
  (1838, FALSE, NULL, 19, NULL),
  (1839, FALSE, NULL, 19, NULL),
  (1840, FALSE, NULL, 19, NULL),
  (1841, FALSE, NULL, 19, NULL),
  (1842, FALSE, NULL, 19, NULL),
  (1843, TRUE, TIMESTAMP '2018-05-15 16:41:18.4', 19, NULL),
  (1844, FALSE, NULL, 19, NULL),
  (1845, FALSE, NULL, 19, NULL),
  (1846, TRUE, TIMESTAMP '2018-08-16 16:41:18.447', 19, NULL),
  (1847, TRUE, TIMESTAMP '2018-05-07 16:41:18.447', 19, NULL),
  (1848, TRUE, TIMESTAMP '2018-11-22 16:41:18.447', 19, NULL),
  (1849, FALSE, NULL, 19, NULL),
  (1850, TRUE, TIMESTAMP '2018-04-08 16:41:18.484', 19, NULL),
  (1851, TRUE, TIMESTAMP '2018-07-29 16:41:18.484', 19, NULL),
  (1852, FALSE, NULL, 19, NULL),
  (1853, FALSE, NULL, 19, NULL),
  (1854, TRUE, TIMESTAMP '2018-04-11 16:41:18.5', 19, NULL),
  (1855, TRUE, TIMESTAMP '2018-09-06 16:41:18.5', 19, NULL),
  (1856, FALSE, NULL, 19, NULL),
  (1857, TRUE, TIMESTAMP '2018-02-12 16:41:18.531', 19, NULL),
  (1858, TRUE, TIMESTAMP '2018-02-12 16:41:18.547', 19, NULL),
  (1859, TRUE, TIMESTAMP '2018-05-22 16:41:18.547', 19, NULL),
  (1860, TRUE, TIMESTAMP '2018-05-09 16:41:18.562', 19, NULL),
  (1861, FALSE, NULL, 19, NULL),
  (1862, FALSE, NULL, 19, NULL),
  (1863, FALSE, NULL, 19, NULL),
  (1864, TRUE, TIMESTAMP '2018-01-17 16:41:18.6', 19, NULL),
  (1865, FALSE, NULL, 19, NULL),
  (1866, TRUE, TIMESTAMP '2018-12-09 16:41:18.629', 19, NULL),
  (1867, FALSE, NULL, 19, NULL),
  (1868, TRUE, TIMESTAMP '2018-03-02 16:41:18.629', 19, NULL),
  (1869, TRUE, TIMESTAMP '2018-10-11 16:41:18.645', 19, NULL),
  (1870, FALSE, NULL, 19, NULL),
  (1871, FALSE, NULL, 19, NULL),
  (1872, TRUE, TIMESTAMP '2018-07-15 16:41:18.645', 19, NULL),
  (1873, FALSE, NULL, 19, NULL),
  (1874, FALSE, NULL, 19, NULL),
  (1875, TRUE, TIMESTAMP '2018-07-06 16:41:18.676', 19, NULL),
  (1876, FALSE, NULL, 19, NULL),
  (1877, TRUE, TIMESTAMP '2018-04-16 16:41:18.692', 19, NULL),
  (1878, TRUE, TIMESTAMP '2018-03-23 16:41:18.692', 19, NULL),
  (1879, FALSE, NULL, 19, NULL),
  (1880, FALSE, NULL, 19, NULL),
  (1881, TRUE, TIMESTAMP '2018-12-22 16:41:18.738', 19, NULL),
  (1882, TRUE, TIMESTAMP '2018-09-11 16:41:18.738', 19, NULL),
  (1883, FALSE, NULL, 19, NULL),
  (1884, FALSE, NULL, 19, NULL),
  (1885, TRUE, TIMESTAMP '2018-12-11 16:41:18.754', 19, NULL);
INSERT INTO PUBLIC.RESERVATION (ID, PAID, PAID_AT, PERFORMANCE_ID, CUSTOMER_ID) VALUES
  (1886, TRUE, TIMESTAMP '2018-01-09 16:41:18.754', 19, NULL),
  (1887, FALSE, NULL, 19, NULL),
  (1888, TRUE, TIMESTAMP '2018-12-19 16:41:18.785', 19, NULL),
  (1889, TRUE, TIMESTAMP '2018-10-16 16:41:18.785', 19, NULL),
  (1890, FALSE, NULL, 19, NULL),
  (1891, TRUE, TIMESTAMP '2018-08-03 16:41:18.801', 19, NULL),
  (1892, TRUE, TIMESTAMP '2018-08-21 16:41:18.801', 19, NULL),
  (1893, FALSE, NULL, 19, NULL),
  (1894, FALSE, NULL, 19, NULL),
  (1895, FALSE, NULL, 19, NULL),
  (1896, TRUE, TIMESTAMP '2018-10-26 16:41:18.848', 19, NULL),
  (1897, FALSE, NULL, 19, NULL),
  (1898, TRUE, TIMESTAMP '2018-09-29 16:41:18.848', 19, NULL),
  (1899, FALSE, NULL, 19, NULL),
  (1900, TRUE, TIMESTAMP '2018-09-13 16:41:18.863', 19, NULL),
  (1901, FALSE, NULL, 20, NULL),
  (1902, FALSE, NULL, 20, NULL),
  (1903, TRUE, TIMESTAMP '2018-04-10 16:41:18.901', 20, NULL),
  (1904, FALSE, NULL, 20, NULL),
  (1905, FALSE, NULL, 20, NULL),
  (1906, FALSE, NULL, 20, NULL),
  (1907, FALSE, NULL, 20, NULL),
  (1908, TRUE, TIMESTAMP '2018-08-11 16:41:18.941', 20, NULL),
  (1909, FALSE, NULL, 20, NULL),
  (1910, FALSE, NULL, 20, NULL),
  (1911, FALSE, NULL, 20, NULL),
  (1912, TRUE, TIMESTAMP '2018-05-17 16:41:18.972', 20, NULL),
  (1913, FALSE, NULL, 20, NULL),
  (1914, TRUE, TIMESTAMP '2018-08-31 16:41:18.988', 20, NULL),
  (1915, TRUE, TIMESTAMP '2018-04-02 16:41:18.988', 20, NULL),
  (1916, FALSE, NULL, 20, NULL),
  (1917, TRUE, TIMESTAMP '2018-04-18 16:41:18.988', 20, NULL),
  (1918, FALSE, NULL, 20, NULL),
  (1919, TRUE, TIMESTAMP '2018-05-04 16:41:18.988', 20, NULL),
  (1920, FALSE, NULL, 20, NULL),
  (1921, TRUE, TIMESTAMP '2018-11-27 16:41:19.019', 20, NULL),
  (1922, FALSE, NULL, 20, NULL),
  (1923, FALSE, NULL, 20, NULL),
  (1924, FALSE, NULL, 20, NULL),
  (1925, TRUE, TIMESTAMP '2018-08-08 16:41:19.035', 20, NULL),
  (1926, FALSE, NULL, 20, NULL),
  (1927, TRUE, TIMESTAMP '2018-08-19 16:41:19.082', 20, NULL),
  (1928, TRUE, TIMESTAMP '2018-02-10 16:41:19.082', 20, NULL),
  (1929, FALSE, NULL, 20, NULL),
  (1930, FALSE, NULL, 20, NULL),
  (1931, FALSE, NULL, 20, NULL),
  (1932, FALSE, NULL, 20, NULL),
  (1933, TRUE, TIMESTAMP '2018-05-09 16:41:19.128', 20, NULL),
  (1934, FALSE, NULL, 20, NULL),
  (1935, FALSE, NULL, 20, NULL),
  (1936, TRUE, TIMESTAMP '2018-03-12 16:41:19.128', 20, NULL),
  (1937, FALSE, NULL, 20, NULL),
  (1938, FALSE, NULL, 20, NULL),
  (1939, FALSE, NULL, 20, NULL),
  (1940, TRUE, TIMESTAMP '2018-01-11 16:41:19.175', 20, NULL),
  (1941, TRUE, TIMESTAMP '2018-08-20 16:41:19.175', 20, NULL),
  (1942, TRUE, TIMESTAMP '2018-06-04 16:41:19.175', 20, NULL),
  (1943, FALSE, NULL, 20, NULL),
  (1944, TRUE, TIMESTAMP '2018-10-31 16:41:19.207', 20, NULL),
  (1945, FALSE, NULL, 20, NULL),
  (1946, FALSE, NULL, 20, NULL),
  (1947, FALSE, NULL, 20, NULL),
  (1948, TRUE, TIMESTAMP '2018-04-18 16:41:19.222', 20, NULL),
  (1949, FALSE, NULL, 20, NULL),
  (1950, FALSE, NULL, 20, NULL),
  (1951, TRUE, TIMESTAMP '2018-03-02 16:41:19.266', 20, NULL),
  (1952, TRUE, TIMESTAMP '2018-04-06 16:41:19.297', 20, NULL),
  (1953, TRUE, TIMESTAMP '2018-10-16 16:41:19.297', 20, NULL),
  (1954, TRUE, TIMESTAMP '2018-11-16 16:41:19.313', 20, NULL),
  (1955, TRUE, TIMESTAMP '2018-09-26 16:41:19.313', 20, NULL),
  (1956, FALSE, NULL, 20, NULL),
  (1957, FALSE, NULL, 20, NULL),
  (1958, FALSE, NULL, 20, NULL),
  (1959, TRUE, TIMESTAMP '2018-05-07 16:41:19.36', 20, NULL),
  (1960, FALSE, NULL, 20, NULL),
  (1961, TRUE, TIMESTAMP '2018-01-06 16:41:19.36', 20, NULL),
  (1962, FALSE, NULL, 20, NULL),
  (1963, FALSE, NULL, 20, NULL),
  (1964, TRUE, TIMESTAMP '2018-11-21 16:41:19.391', 20, NULL),
  (1965, TRUE, TIMESTAMP '2018-02-16 16:41:19.391', 20, NULL),
  (1966, TRUE, TIMESTAMP '2018-07-13 16:41:19.406', 20, NULL),
  (1967, TRUE, TIMESTAMP '2018-10-27 16:41:19.406', 20, NULL),
  (1968, TRUE, TIMESTAMP '2018-01-29 16:41:19.406', 20, NULL),
  (1969, FALSE, NULL, 20, NULL),
  (1970, FALSE, NULL, 20, NULL),
  (1971, FALSE, NULL, 20, NULL),
  (1972, FALSE, NULL, 20, NULL),
  (1973, TRUE, TIMESTAMP '2018-04-05 16:41:19.453', 20, NULL),
  (1974, FALSE, NULL, 20, NULL),
  (1975, FALSE, NULL, 20, NULL),
  (1976, TRUE, TIMESTAMP '2018-03-23 16:41:19.485', 20, NULL);
INSERT INTO PUBLIC.RESERVATION (ID, PAID, PAID_AT, PERFORMANCE_ID, CUSTOMER_ID) VALUES
  (1977, FALSE, NULL, 20, NULL),
  (1978, TRUE, TIMESTAMP '2018-07-28 16:41:19.5', 20, NULL),
  (1979, FALSE, NULL, 20, NULL),
  (1980, TRUE, TIMESTAMP '2018-03-19 16:41:19.5', 20, NULL),
  (1981, TRUE, TIMESTAMP '2018-03-25 16:41:19.516', 20, NULL),
  (1982, TRUE, TIMESTAMP '2018-12-29 16:41:19.531', 20, NULL),
  (1983, FALSE, NULL, 20, NULL),
  (1984, TRUE, TIMESTAMP '2018-01-25 16:41:19.547', 20, NULL),
  (1985, TRUE, TIMESTAMP '2018-06-24 16:41:19.547', 20, NULL),
  (1986, TRUE, TIMESTAMP '2018-12-07 16:41:19.547', 20, NULL),
  (1987, FALSE, NULL, 20, NULL),
  (1988, FALSE, NULL, 20, NULL),
  (1989, TRUE, TIMESTAMP '2018-09-05 16:41:19.578', 20, NULL),
  (1990, TRUE, TIMESTAMP '2018-06-14 16:41:19.594', 20, NULL),
  (1991, FALSE, NULL, 20, NULL),
  (1992, FALSE, NULL, 20, NULL),
  (1993, FALSE, NULL, 20, NULL),
  (1994, TRUE, TIMESTAMP '2018-01-27 16:41:19.625', 20, NULL),
  (1995, FALSE, NULL, 20, NULL),
  (1996, FALSE, NULL, 20, NULL),
  (1997, TRUE, TIMESTAMP '2018-11-06 16:41:19.641', 20, NULL),
  (1998, TRUE, TIMESTAMP '2018-08-31 16:41:19.656', 20, NULL),
  (1999, TRUE, TIMESTAMP '2018-08-26 16:41:19.672', 20, NULL),
  (2000, TRUE, TIMESTAMP '2018-04-13 16:41:19.672', 20, NULL),
  (2001, TRUE, TIMESTAMP '2018-08-28 16:41:19.688', 21, NULL),
  (2002, TRUE, TIMESTAMP '2018-04-13 16:41:19.735', 21, NULL),
  (2003, TRUE, TIMESTAMP '2018-10-19 16:41:19.766', 21, NULL),
  (2004, FALSE, NULL, 21, NULL),
  (2005, TRUE, TIMESTAMP '2018-02-18 16:41:19.766', 21, NULL),
  (2006, TRUE, TIMESTAMP '2018-04-14 16:41:19.781', 21, NULL),
  (2007, TRUE, TIMESTAMP '2018-03-30 16:41:19.781', 21, NULL),
  (2008, FALSE, NULL, 21, NULL),
  (2009, FALSE, NULL, 21, NULL),
  (2010, FALSE, NULL, 21, NULL),
  (2011, FALSE, NULL, 21, NULL),
  (2012, FALSE, NULL, 21, NULL),
  (2013, FALSE, NULL, 21, NULL),
  (2014, FALSE, NULL, 21, NULL),
  (2015, FALSE, NULL, 21, NULL),
  (2016, TRUE, TIMESTAMP '2018-05-24 16:41:19.828', 21, NULL),
  (2017, FALSE, NULL, 21, NULL),
  (2018, FALSE, NULL, 21, NULL),
  (2019, TRUE, TIMESTAMP '2018-04-18 16:41:19.828', 21, NULL),
  (2020, TRUE, TIMESTAMP '2018-11-18 16:41:19.86', 21, NULL),
  (2021, FALSE, NULL, 21, NULL),
  (2022, FALSE, NULL, 21, NULL),
  (2023, FALSE, NULL, 21, NULL),
  (2024, TRUE, TIMESTAMP '2018-10-13 16:41:19.946', 21, NULL),
  (2025, FALSE, NULL, 21, NULL),
  (2026, FALSE, NULL, 21, NULL),
  (2027, FALSE, NULL, 21, NULL),
  (2028, TRUE, TIMESTAMP '2018-11-20 16:41:19.962', 21, NULL),
  (2029, TRUE, TIMESTAMP '2018-11-24 16:41:19.962', 21, NULL),
  (2030, TRUE, TIMESTAMP '2018-01-14 16:41:19.962', 21, NULL),
  (2031, FALSE, NULL, 21, NULL),
  (2032, FALSE, NULL, 21, NULL),
  (2033, FALSE, NULL, 21, NULL),
  (2034, FALSE, NULL, 21, NULL),
  (2035, TRUE, TIMESTAMP '2018-02-24 16:41:20.009', 21, NULL),
  (2036, TRUE, TIMESTAMP '2018-03-22 16:41:20.009', 21, NULL),
  (2037, FALSE, NULL, 21, NULL),
  (2038, FALSE, NULL, 21, NULL),
  (2039, TRUE, TIMESTAMP '2018-11-29 16:41:20.028', 21, NULL),
  (2040, FALSE, NULL, 21, NULL),
  (2041, FALSE, NULL, 21, NULL),
  (2042, TRUE, TIMESTAMP '2018-07-08 16:41:20.083', 21, NULL),
  (2043, TRUE, TIMESTAMP '2018-10-11 16:41:20.123', 21, NULL),
  (2044, TRUE, TIMESTAMP '2018-08-29 16:41:20.123', 21, NULL),
  (2045, FALSE, NULL, 21, NULL),
  (2046, TRUE, TIMESTAMP '2018-08-04 16:41:20.123', 21, NULL),
  (2047, TRUE, TIMESTAMP '2018-11-01 16:41:20.123', 21, NULL),
  (2048, TRUE, TIMESTAMP '2018-06-17 16:41:20.123', 21, NULL),
  (2049, TRUE, TIMESTAMP '2018-09-12 16:41:20.154', 21, NULL),
  (2050, FALSE, NULL, 21, NULL),
  (2051, TRUE, TIMESTAMP '2018-03-09 16:41:20.17', 21, NULL),
  (2052, FALSE, NULL, 21, NULL),
  (2053, FALSE, NULL, 21, NULL),
  (2054, TRUE, TIMESTAMP '2018-05-20 16:41:20.17', 21, NULL),
  (2055, TRUE, TIMESTAMP '2018-08-10 16:41:20.201', 21, NULL),
  (2056, FALSE, NULL, 21, NULL),
  (2057, FALSE, NULL, 21, NULL),
  (2058, FALSE, NULL, 21, NULL),
  (2059, FALSE, NULL, 21, NULL),
  (2060, TRUE, TIMESTAMP '2018-07-25 16:41:20.217', 21, NULL),
  (2061, FALSE, NULL, 21, NULL),
  (2062, TRUE, TIMESTAMP '2018-11-22 16:41:20.264', 21, NULL),
  (2063, TRUE, TIMESTAMP '2018-10-08 16:41:20.264', 21, NULL),
  (2064, TRUE, TIMESTAMP '2018-02-23 16:41:20.264', 21, NULL);
INSERT INTO PUBLIC.RESERVATION (ID, PAID, PAID_AT, PERFORMANCE_ID, CUSTOMER_ID) VALUES
  (2065, TRUE, TIMESTAMP '2018-11-06 16:41:20.264', 21, NULL),
  (2066, FALSE, NULL, 21, NULL),
  (2067, TRUE, TIMESTAMP '2018-10-15 16:41:20.295', 21, NULL),
  (2068, TRUE, TIMESTAMP '2018-07-09 16:41:20.295', 21, NULL),
  (2069, FALSE, NULL, 21, NULL),
  (2070, FALSE, NULL, 21, NULL),
  (2071, FALSE, NULL, 21, NULL),
  (2072, FALSE, NULL, 21, NULL),
  (2073, FALSE, NULL, 21, NULL),
  (2074, TRUE, TIMESTAMP '2018-08-23 16:41:20.357', 21, NULL),
  (2075, FALSE, NULL, 21, NULL),
  (2076, TRUE, TIMESTAMP '2018-12-11 16:41:20.357', 21, NULL),
  (2077, TRUE, TIMESTAMP '2018-02-17 16:41:20.357', 21, NULL),
  (2078, FALSE, NULL, 21, NULL),
  (2079, FALSE, NULL, 21, NULL),
  (2080, TRUE, TIMESTAMP '2018-12-01 16:41:20.404', 21, NULL),
  (2081, FALSE, NULL, 21, NULL),
  (2082, FALSE, NULL, 21, NULL),
  (2083, TRUE, TIMESTAMP '2018-12-15 16:41:20.435', 21, NULL),
  (2084, FALSE, NULL, 21, NULL),
  (2085, FALSE, NULL, 21, NULL),
  (2086, FALSE, NULL, 21, NULL),
  (2087, FALSE, NULL, 21, NULL),
  (2088, TRUE, TIMESTAMP '2018-08-06 16:41:20.482', 21, NULL),
  (2089, FALSE, NULL, 21, NULL),
  (2090, FALSE, NULL, 21, NULL),
  (2091, FALSE, NULL, 21, NULL),
  (2092, TRUE, TIMESTAMP '2018-01-05 16:41:20.498', 21, NULL),
  (2093, TRUE, TIMESTAMP '2018-07-03 16:41:20.514', 21, NULL),
  (2094, TRUE, TIMESTAMP '2018-06-21 16:41:20.529', 21, NULL),
  (2095, FALSE, NULL, 21, NULL),
  (2096, TRUE, TIMESTAMP '2018-04-07 16:41:20.545', 21, NULL),
  (2097, FALSE, NULL, 21, NULL),
  (2098, FALSE, NULL, 21, NULL),
  (2099, TRUE, TIMESTAMP '2018-03-13 16:41:20.576', 21, NULL),
  (2100, TRUE, TIMESTAMP '2018-04-09 16:41:20.576', 21, NULL),
  (2101, TRUE, TIMESTAMP '2018-07-27 16:41:20.592', 22, NULL),
  (2102, FALSE, NULL, 22, NULL),
  (2103, TRUE, TIMESTAMP '2018-05-13 16:41:20.592', 22, NULL),
  (2104, FALSE, NULL, 22, NULL),
  (2105, TRUE, TIMESTAMP '2018-08-19 16:41:20.623', 22, NULL),
  (2106, TRUE, TIMESTAMP '2018-11-09 16:41:20.639', 22, NULL),
  (2107, TRUE, TIMESTAMP '2018-11-17 16:41:20.639', 22, NULL),
  (2108, TRUE, TIMESTAMP '2018-10-04 16:41:20.639', 22, NULL),
  (2109, FALSE, NULL, 22, NULL),
  (2110, FALSE, NULL, 22, NULL),
  (2111, TRUE, TIMESTAMP '2018-06-18 16:41:20.67', 22, NULL),
  (2112, TRUE, TIMESTAMP '2018-02-19 16:41:20.685', 22, NULL),
  (2113, TRUE, TIMESTAMP '2018-05-08 16:41:20.685', 22, NULL),
  (2114, TRUE, TIMESTAMP '2018-04-26 16:41:20.685', 22, NULL),
  (2115, TRUE, TIMESTAMP '2018-03-28 16:41:20.685', 22, NULL),
  (2116, FALSE, NULL, 22, NULL),
  (2117, FALSE, NULL, 22, NULL),
  (2118, FALSE, NULL, 22, NULL),
  (2119, FALSE, NULL, 22, NULL),
  (2120, FALSE, NULL, 22, NULL),
  (2121, TRUE, TIMESTAMP '2018-02-06 16:41:20.764', 22, NULL),
  (2122, TRUE, TIMESTAMP '2018-10-20 16:41:20.764', 22, NULL),
  (2123, FALSE, NULL, 22, NULL),
  (2124, FALSE, NULL, 22, NULL),
  (2125, FALSE, NULL, 22, NULL),
  (2126, TRUE, TIMESTAMP '2018-08-20 16:41:20.779', 22, NULL),
  (2127, FALSE, NULL, 22, NULL),
  (2128, TRUE, TIMESTAMP '2018-07-25 16:41:20.826', 22, NULL),
  (2129, TRUE, TIMESTAMP '2018-04-14 16:41:20.826', 22, NULL),
  (2130, FALSE, NULL, 22, NULL),
  (2131, TRUE, TIMESTAMP '2018-09-02 16:41:20.873', 22, NULL),
  (2132, FALSE, NULL, 22, NULL),
  (2133, FALSE, NULL, 22, NULL),
  (2134, TRUE, TIMESTAMP '2018-05-15 16:41:20.878', 22, NULL),
  (2135, FALSE, NULL, 22, NULL),
  (2136, FALSE, NULL, 22, NULL),
  (2137, FALSE, NULL, 22, NULL),
  (2138, FALSE, NULL, 22, NULL),
  (2139, TRUE, TIMESTAMP '2018-12-13 16:41:20.925', 22, NULL),
  (2140, TRUE, TIMESTAMP '2018-03-19 16:41:20.925', 22, NULL),
  (2141, TRUE, TIMESTAMP '2018-09-05 16:41:20.941', 22, NULL),
  (2142, TRUE, TIMESTAMP '2018-05-07 16:41:20.956', 22, NULL),
  (2143, FALSE, NULL, 22, NULL),
  (2144, TRUE, TIMESTAMP '2018-12-27 16:41:20.972', 22, NULL),
  (2145, TRUE, TIMESTAMP '2018-01-03 16:41:20.972', 22, NULL),
  (2146, TRUE, TIMESTAMP '2018-09-10 16:41:20.972', 22, NULL),
  (2147, TRUE, TIMESTAMP '2018-02-04 16:41:20.972', 22, NULL),
  (2148, TRUE, TIMESTAMP '2018-01-05 16:41:20.988', 22, NULL),
  (2149, TRUE, TIMESTAMP '2018-08-31 16:41:21.019', 22, NULL),
  (2150, TRUE, TIMESTAMP '2018-06-29 16:41:21.019', 22, NULL),
  (2151, FALSE, NULL, 22, NULL);
INSERT INTO PUBLIC.RESERVATION (ID, PAID, PAID_AT, PERFORMANCE_ID, CUSTOMER_ID) VALUES
  (2152, TRUE, TIMESTAMP '2018-10-14 16:41:21.019', 22, NULL),
  (2153, TRUE, TIMESTAMP '2018-01-20 16:41:21.035', 22, NULL),
  (2154, FALSE, NULL, 22, NULL),
  (2155, FALSE, NULL, 22, NULL),
  (2156, TRUE, TIMESTAMP '2018-07-27 16:41:21.05', 22, NULL),
  (2157, TRUE, TIMESTAMP '2018-12-11 16:41:21.066', 22, NULL),
  (2158, FALSE, NULL, 22, NULL),
  (2159, FALSE, NULL, 22, NULL),
  (2160, TRUE, TIMESTAMP '2018-03-27 16:41:21.081', 22, NULL),
  (2161, FALSE, NULL, 22, NULL),
  (2162, FALSE, NULL, 22, NULL),
  (2163, FALSE, NULL, 22, NULL),
  (2164, FALSE, NULL, 22, NULL),
  (2165, FALSE, NULL, 22, NULL),
  (2166, TRUE, TIMESTAMP '2018-02-24 16:41:21.128', 22, NULL),
  (2167, TRUE, TIMESTAMP '2018-10-25 16:41:21.144', 22, NULL),
  (2168, TRUE, TIMESTAMP '2018-07-27 16:41:21.144', 22, NULL),
  (2169, TRUE, TIMESTAMP '2018-05-15 16:41:21.144', 22, NULL),
  (2170, FALSE, NULL, 22, NULL),
  (2171, FALSE, NULL, 22, NULL),
  (2172, TRUE, TIMESTAMP '2018-11-29 16:41:21.175', 22, NULL),
  (2173, TRUE, TIMESTAMP '2018-01-27 16:41:21.175', 22, NULL),
  (2174, FALSE, NULL, 22, NULL),
  (2175, TRUE, TIMESTAMP '2018-02-07 16:41:21.191', 22, NULL),
  (2176, TRUE, TIMESTAMP '2018-01-24 16:41:21.191', 22, NULL),
  (2177, FALSE, NULL, 22, NULL),
  (2178, FALSE, NULL, 22, NULL),
  (2179, FALSE, NULL, 22, NULL),
  (2180, FALSE, NULL, 22, NULL),
  (2181, FALSE, NULL, 22, NULL),
  (2182, TRUE, TIMESTAMP '2018-02-15 16:41:21.238', 22, NULL),
  (2183, TRUE, TIMESTAMP '2018-08-28 16:41:21.269', 22, NULL),
  (2184, TRUE, TIMESTAMP '2018-10-22 16:41:21.269', 22, NULL),
  (2185, TRUE, TIMESTAMP '2018-02-28 16:41:21.269', 22, NULL),
  (2186, FALSE, NULL, 22, NULL),
  (2187, FALSE, NULL, 22, NULL),
  (2188, TRUE, TIMESTAMP '2018-03-16 16:41:21.285', 22, NULL),
  (2189, TRUE, TIMESTAMP '2018-12-18 16:41:21.285', 22, NULL),
  (2190, FALSE, NULL, 22, NULL),
  (2191, FALSE, NULL, 22, NULL),
  (2192, TRUE, TIMESTAMP '2018-10-31 16:41:21.331', 22, NULL),
  (2193, TRUE, TIMESTAMP '2018-12-24 16:41:21.331', 22, NULL),
  (2194, FALSE, NULL, 22, NULL),
  (2195, FALSE, NULL, 22, NULL),
  (2196, FALSE, NULL, 22, NULL),
  (2197, TRUE, TIMESTAMP '2018-05-23 16:41:21.347', 22, NULL),
  (2198, TRUE, TIMESTAMP '2018-08-01 16:41:21.347', 22, NULL),
  (2199, FALSE, NULL, 22, NULL),
  (2200, TRUE, TIMESTAMP '2018-09-27 16:41:21.378', 22, NULL),
  (2201, FALSE, NULL, 23, NULL),
  (2202, TRUE, TIMESTAMP '2018-09-05 16:41:21.394', 23, NULL),
  (2203, TRUE, TIMESTAMP '2018-09-02 16:41:21.394', 23, NULL),
  (2204, FALSE, NULL, 23, NULL),
  (2205, FALSE, NULL, 23, NULL),
  (2206, FALSE, NULL, 23, NULL),
  (2207, FALSE, NULL, 23, NULL),
  (2208, TRUE, TIMESTAMP '2018-11-25 16:41:21.441', 23, NULL),
  (2209, FALSE, NULL, 23, NULL),
  (2210, TRUE, TIMESTAMP '2018-03-31 16:41:21.456', 23, NULL),
  (2211, FALSE, NULL, 23, NULL),
  (2212, TRUE, TIMESTAMP '2018-10-02 16:41:21.488', 23, NULL),
  (2213, TRUE, TIMESTAMP '2018-06-14 16:41:21.488', 23, NULL),
  (2214, TRUE, TIMESTAMP '2018-03-21 16:41:21.488', 23, NULL),
  (2215, FALSE, NULL, 23, NULL),
  (2216, FALSE, NULL, 23, NULL),
  (2217, TRUE, TIMESTAMP '2018-10-27 16:41:21.519', 23, NULL),
  (2218, FALSE, NULL, 23, NULL),
  (2219, FALSE, NULL, 23, NULL),
  (2220, TRUE, TIMESTAMP '2018-10-12 16:41:21.55', 23, NULL),
  (2221, FALSE, NULL, 23, NULL),
  (2222, FALSE, NULL, 23, NULL),
  (2223, TRUE, TIMESTAMP '2018-06-28 16:41:21.581', 23, NULL),
  (2224, TRUE, TIMESTAMP '2018-10-03 16:41:21.581', 23, NULL),
  (2225, FALSE, NULL, 23, NULL),
  (2226, TRUE, TIMESTAMP '2018-05-11 16:41:21.581', 23, NULL),
  (2227, TRUE, TIMESTAMP '2018-10-10 16:41:21.613', 23, NULL),
  (2228, FALSE, NULL, 23, NULL),
  (2229, TRUE, TIMESTAMP '2018-09-18 16:41:21.613', 23, NULL),
  (2230, TRUE, TIMESTAMP '2018-11-05 16:41:21.628', 23, NULL),
  (2231, FALSE, NULL, 23, NULL),
  (2232, TRUE, TIMESTAMP '2018-10-01 16:41:21.628', 23, NULL),
  (2233, TRUE, TIMESTAMP '2018-07-27 16:41:21.628', 23, NULL),
  (2234, TRUE, TIMESTAMP '2018-02-26 16:41:21.659', 23, NULL),
  (2235, FALSE, NULL, 23, NULL),
  (2236, FALSE, NULL, 23, NULL),
  (2237, FALSE, NULL, 23, NULL),
  (2238, TRUE, TIMESTAMP '2018-01-10 16:41:21.675', 23, NULL),
  (2239, FALSE, NULL, 23, NULL);
INSERT INTO PUBLIC.RESERVATION (ID, PAID, PAID_AT, PERFORMANCE_ID, CUSTOMER_ID) VALUES
  (2240, TRUE, TIMESTAMP '2018-02-06 16:41:21.706', 23, NULL),
  (2241, FALSE, NULL, 23, NULL),
  (2242, TRUE, TIMESTAMP '2018-07-27 16:41:21.706', 23, NULL),
  (2243, TRUE, TIMESTAMP '2018-01-23 16:41:21.722', 23, NULL),
  (2244, FALSE, NULL, 23, NULL),
  (2245, TRUE, TIMESTAMP '2018-12-16 16:41:21.722', 23, NULL),
  (2246, FALSE, NULL, 23, NULL),
  (2247, FALSE, NULL, 23, NULL),
  (2248, TRUE, TIMESTAMP '2018-01-21 16:41:21.769', 23, NULL),
  (2249, TRUE, TIMESTAMP '2018-06-07 16:41:21.769', 23, NULL),
  (2250, TRUE, TIMESTAMP '2018-11-26 16:41:21.769', 23, NULL),
  (2251, FALSE, NULL, 23, NULL),
  (2252, FALSE, NULL, 23, NULL),
  (2253, TRUE, TIMESTAMP '2018-08-28 16:41:21.784', 23, NULL),
  (2254, TRUE, TIMESTAMP '2018-05-12 16:41:21.784', 23, NULL),
  (2255, TRUE, TIMESTAMP '2018-03-18 16:41:21.784', 23, NULL),
  (2256, FALSE, NULL, 23, NULL),
  (2257, TRUE, TIMESTAMP '2018-01-04 16:41:21.831', 23, NULL),
  (2258, FALSE, NULL, 23, NULL),
  (2259, TRUE, TIMESTAMP '2018-01-24 16:41:21.831', 23, NULL),
  (2260, FALSE, NULL, 23, NULL),
  (2261, TRUE, TIMESTAMP '2018-05-01 16:41:21.878', 23, NULL),
  (2262, FALSE, NULL, 23, NULL),
  (2263, FALSE, NULL, 23, NULL),
  (2264, TRUE, TIMESTAMP '2018-11-27 16:41:21.909', 23, NULL),
  (2265, TRUE, TIMESTAMP '2018-06-02 16:41:21.925', 23, NULL),
  (2266, FALSE, NULL, 23, NULL),
  (2267, TRUE, TIMESTAMP '2018-09-15 16:41:21.925', 23, NULL),
  (2268, TRUE, TIMESTAMP '2018-09-22 16:41:21.925', 23, NULL),
  (2269, FALSE, NULL, 23, NULL),
  (2270, TRUE, TIMESTAMP '2018-12-25 16:41:21.956', 23, NULL),
  (2271, TRUE, TIMESTAMP '2018-08-17 16:41:21.972', 23, NULL),
  (2272, TRUE, TIMESTAMP '2018-02-03 16:41:21.972', 23, NULL),
  (2273, FALSE, NULL, 23, NULL),
  (2274, TRUE, TIMESTAMP '2018-02-13 16:41:21.972', 23, NULL),
  (2275, TRUE, TIMESTAMP '2018-08-23 16:41:21.988', 23, NULL),
  (2276, TRUE, TIMESTAMP '2018-02-11 16:41:22.003', 23, NULL),
  (2277, FALSE, NULL, 23, NULL),
  (2278, TRUE, TIMESTAMP '2018-08-16 16:41:22.019', 23, NULL),
  (2279, FALSE, NULL, 23, NULL),
  (2280, TRUE, TIMESTAMP '2018-02-13 16:41:22.019', 23, NULL),
  (2281, FALSE, NULL, 23, NULL),
  (2282, TRUE, TIMESTAMP '2018-09-22 16:41:22.05', 23, NULL),
  (2283, FALSE, NULL, 23, NULL),
  (2284, FALSE, NULL, 23, NULL),
  (2285, TRUE, TIMESTAMP '2018-10-26 16:41:22.066', 23, NULL),
  (2286, FALSE, NULL, 23, NULL),
  (2287, FALSE, NULL, 23, NULL),
  (2288, TRUE, TIMESTAMP '2018-03-19 16:41:22.113', 23, NULL),
  (2289, FALSE, NULL, 23, NULL),
  (2290, FALSE, NULL, 23, NULL),
  (2291, FALSE, NULL, 23, NULL),
  (2292, FALSE, NULL, 23, NULL),
  (2293, TRUE, TIMESTAMP '2018-07-07 16:41:22.144', 23, NULL),
  (2294, FALSE, NULL, 23, NULL),
  (2295, FALSE, NULL, 23, NULL),
  (2296, TRUE, TIMESTAMP '2018-07-16 16:41:22.159', 23, NULL),
  (2297, TRUE, TIMESTAMP '2018-10-15 16:41:22.159', 23, NULL),
  (2298, TRUE, TIMESTAMP '2018-02-28 16:41:22.159', 23, NULL),
  (2299, FALSE, NULL, 23, NULL),
  (2300, FALSE, NULL, 23, NULL),
  (2301, TRUE, TIMESTAMP '2018-03-10 16:41:22.206', 24, NULL),
  (2302, TRUE, TIMESTAMP '2018-01-19 16:41:22.206', 24, NULL),
  (2303, FALSE, NULL, 24, NULL),
  (2304, FALSE, NULL, 24, NULL),
  (2305, TRUE, TIMESTAMP '2018-01-24 16:41:22.238', 24, NULL),
  (2306, TRUE, TIMESTAMP '2018-06-23 16:41:22.238', 24, NULL),
  (2307, TRUE, TIMESTAMP '2018-03-29 16:41:22.238', 24, NULL),
  (2308, TRUE, TIMESTAMP '2018-06-22 16:41:22.253', 24, NULL),
  (2309, TRUE, TIMESTAMP '2018-10-13 16:41:22.253', 24, NULL),
  (2310, FALSE, NULL, 24, NULL),
  (2311, TRUE, TIMESTAMP '2018-06-06 16:41:22.3', 24, NULL),
  (2312, TRUE, TIMESTAMP '2018-05-05 16:41:22.3', 24, NULL),
  (2313, FALSE, NULL, 24, NULL),
  (2314, FALSE, NULL, 24, NULL),
  (2315, FALSE, NULL, 24, NULL),
  (2316, FALSE, NULL, 24, NULL),
  (2317, FALSE, NULL, 24, NULL),
  (2318, FALSE, NULL, 24, NULL),
  (2319, FALSE, NULL, 24, NULL),
  (2320, TRUE, TIMESTAMP '2018-07-02 16:41:22.347', 24, NULL),
  (2321, TRUE, TIMESTAMP '2018-11-08 16:41:22.363', 24, NULL),
  (2322, TRUE, TIMESTAMP '2018-06-27 16:41:22.378', 24, NULL),
  (2323, TRUE, TIMESTAMP '2018-11-24 16:41:22.394', 24, NULL),
  (2324, FALSE, NULL, 24, NULL),
  (2325, TRUE, TIMESTAMP '2018-05-11 16:41:22.394', 24, NULL);
INSERT INTO PUBLIC.RESERVATION (ID, PAID, PAID_AT, PERFORMANCE_ID, CUSTOMER_ID) VALUES
  (2326, FALSE, NULL, 24, NULL),
  (2327, FALSE, NULL, 24, NULL),
  (2328, TRUE, TIMESTAMP '2018-05-16 16:41:22.441', 24, NULL),
  (2329, FALSE, NULL, 24, NULL),
  (2330, FALSE, NULL, 24, NULL),
  (2331, TRUE, TIMESTAMP '2018-11-07 16:41:22.456', 24, NULL),
  (2332, TRUE, TIMESTAMP '2018-09-07 16:41:22.456', 24, NULL),
  (2333, TRUE, TIMESTAMP '2018-12-22 16:41:22.503', 24, NULL),
  (2334, FALSE, NULL, 24, NULL),
  (2335, FALSE, NULL, 24, NULL),
  (2336, FALSE, NULL, 24, NULL),
  (2337, FALSE, NULL, 24, NULL),
  (2338, TRUE, TIMESTAMP '2018-01-05 16:41:22.55', 24, NULL),
  (2339, TRUE, TIMESTAMP '2018-04-07 16:41:22.55', 24, NULL),
  (2340, TRUE, TIMESTAMP '2018-12-28 16:41:22.55', 24, NULL),
  (2341, TRUE, TIMESTAMP '2018-04-24 16:41:22.566', 24, NULL),
  (2342, FALSE, NULL, 24, NULL),
  (2343, FALSE, NULL, 24, NULL),
  (2344, TRUE, TIMESTAMP '2018-08-09 16:41:22.597', 24, NULL),
  (2345, TRUE, TIMESTAMP '2018-05-17 16:41:22.612', 24, NULL),
  (2346, TRUE, TIMESTAMP '2018-01-24 16:41:22.612', 24, NULL),
  (2347, TRUE, TIMESTAMP '2018-06-19 16:41:22.612', 24, NULL),
  (2348, TRUE, TIMESTAMP '2018-02-15 16:41:22.612', 24, NULL),
  (2349, FALSE, NULL, 24, NULL),
  (2350, TRUE, TIMESTAMP '2018-09-28 16:41:22.644', 24, NULL),
  (2351, TRUE, TIMESTAMP '2018-12-01 16:41:22.659', 24, NULL),
  (2352, TRUE, TIMESTAMP '2018-12-19 16:41:22.659', 24, NULL),
  (2353, FALSE, NULL, 24, NULL),
  (2354, FALSE, NULL, 24, NULL),
  (2355, TRUE, TIMESTAMP '2018-11-05 16:41:22.706', 24, NULL),
  (2356, TRUE, TIMESTAMP '2018-08-12 16:41:22.706', 24, NULL),
  (2357, FALSE, NULL, 24, NULL),
  (2358, TRUE, TIMESTAMP '2018-04-07 16:41:22.706', 24, NULL),
  (2359, FALSE, NULL, 24, NULL),
  (2360, TRUE, TIMESTAMP '2018-08-08 16:41:22.737', 24, NULL),
  (2361, FALSE, NULL, 24, NULL),
  (2362, FALSE, NULL, 24, NULL),
  (2363, TRUE, TIMESTAMP '2018-08-24 16:41:22.753', 24, NULL),
  (2364, TRUE, TIMESTAMP '2018-07-13 16:41:22.753', 24, NULL),
  (2365, FALSE, NULL, 24, NULL),
  (2366, FALSE, NULL, 24, NULL),
  (2367, FALSE, NULL, 24, NULL),
  (2368, FALSE, NULL, 24, NULL),
  (2369, FALSE, NULL, 24, NULL),
  (2370, TRUE, TIMESTAMP '2018-11-07 16:41:22.8', 24, NULL),
  (2371, FALSE, NULL, 24, NULL),
  (2372, TRUE, TIMESTAMP '2018-07-17 16:41:22.831', 24, NULL),
  (2373, FALSE, NULL, 24, NULL),
  (2374, FALSE, NULL, 24, NULL),
  (2375, TRUE, TIMESTAMP '2018-03-13 16:41:22.847', 24, NULL),
  (2376, TRUE, TIMESTAMP '2018-09-13 16:41:22.847', 24, NULL),
  (2377, FALSE, NULL, 24, NULL),
  (2378, FALSE, NULL, 24, NULL),
  (2379, FALSE, NULL, 24, NULL),
  (2380, TRUE, TIMESTAMP '2018-06-07 16:41:22.901', 24, NULL),
  (2381, TRUE, TIMESTAMP '2018-12-07 16:41:22.901', 24, NULL),
  (2382, TRUE, TIMESTAMP '2018-08-15 16:41:22.901', 24, NULL),
  (2383, TRUE, TIMESTAMP '2018-08-16 16:41:22.901', 24, NULL),
  (2384, FALSE, NULL, 24, NULL),
  (2385, FALSE, NULL, 24, NULL),
  (2386, FALSE, NULL, 24, NULL),
  (2387, TRUE, TIMESTAMP '2018-12-02 16:41:22.948', 24, NULL),
  (2388, TRUE, TIMESTAMP '2018-01-06 16:41:22.995', 24, NULL),
  (2389, TRUE, TIMESTAMP '2018-05-18 16:41:22.995', 24, NULL),
  (2390, FALSE, NULL, 24, NULL),
  (2391, TRUE, TIMESTAMP '2018-08-04 16:41:23.011', 24, NULL),
  (2392, TRUE, TIMESTAMP '2018-12-03 16:41:23.011', 24, NULL),
  (2393, TRUE, TIMESTAMP '2018-03-08 16:41:23.011', 24, NULL),
  (2394, TRUE, TIMESTAMP '2018-03-01 16:41:23.011', 24, NULL),
  (2395, FALSE, NULL, 24, NULL),
  (2396, FALSE, NULL, 24, NULL),
  (2397, TRUE, TIMESTAMP '2018-04-30 16:41:23.057', 24, NULL),
  (2398, FALSE, NULL, 24, NULL),
  (2399, FALSE, NULL, 24, NULL),
  (2400, FALSE, NULL, 24, NULL),
  (2401, FALSE, NULL, 25, NULL),
  (2402, FALSE, NULL, 25, NULL),
  (2403, TRUE, TIMESTAMP '2018-02-09 16:41:23.12', 25, NULL),
  (2404, TRUE, TIMESTAMP '2018-10-18 16:41:23.12', 25, NULL),
  (2405, TRUE, TIMESTAMP '2018-06-16 16:41:23.12', 25, NULL),
  (2406, TRUE, TIMESTAMP '2018-03-12 16:41:23.135', 25, NULL),
  (2407, FALSE, NULL, 25, NULL),
  (2408, FALSE, NULL, 25, NULL),
  (2409, TRUE, TIMESTAMP '2018-02-18 16:41:23.167', 25, NULL),
  (2410, FALSE, NULL, 25, NULL),
  (2411, FALSE, NULL, 25, NULL),
  (2412, FALSE, NULL, 25, NULL),
  (2413, TRUE, TIMESTAMP '2018-04-24 16:41:23.214', 25, NULL);
INSERT INTO PUBLIC.RESERVATION (ID, PAID, PAID_AT, PERFORMANCE_ID, CUSTOMER_ID) VALUES
  (2414, TRUE, TIMESTAMP '2018-05-03 16:41:23.214', 25, NULL),
  (2415, FALSE, NULL, 25, NULL),
  (2416, FALSE, NULL, 25, NULL),
  (2417, FALSE, NULL, 25, NULL),
  (2418, TRUE, TIMESTAMP '2018-01-27 16:41:23.26', 25, NULL),
  (2419, FALSE, NULL, 25, NULL),
  (2420, TRUE, TIMESTAMP '2018-01-15 16:41:23.276', 25, NULL),
  (2421, TRUE, TIMESTAMP '2018-06-20 16:41:23.276', 25, NULL),
  (2422, FALSE, NULL, 25, NULL),
  (2423, FALSE, NULL, 25, NULL),
  (2424, FALSE, NULL, 25, NULL),
  (2425, FALSE, NULL, 25, NULL),
  (2426, TRUE, TIMESTAMP '2018-02-05 16:41:23.323', 25, NULL),
  (2427, TRUE, TIMESTAMP '2018-01-12 16:41:23.323', 25, NULL),
  (2428, TRUE, TIMESTAMP '2018-12-01 16:41:23.323', 25, NULL),
  (2429, TRUE, TIMESTAMP '2018-10-26 16:41:23.37', 25, NULL),
  (2430, TRUE, TIMESTAMP '2018-06-16 16:41:23.37', 25, NULL),
  (2431, TRUE, TIMESTAMP '2018-06-14 16:41:23.37', 25, NULL),
  (2432, TRUE, TIMESTAMP '2018-09-24 16:41:23.37', 25, NULL),
  (2433, TRUE, TIMESTAMP '2018-11-18 16:41:23.37', 25, NULL),
  (2434, FALSE, NULL, 25, NULL),
  (2435, FALSE, NULL, 25, NULL),
  (2436, TRUE, TIMESTAMP '2018-10-23 16:41:23.385', 25, NULL),
  (2437, FALSE, NULL, 25, NULL),
  (2438, TRUE, TIMESTAMP '2018-09-14 16:41:23.417', 25, NULL),
  (2439, TRUE, TIMESTAMP '2018-11-21 16:41:23.417', 25, NULL),
  (2440, TRUE, TIMESTAMP '2018-12-29 16:41:23.432', 25, NULL),
  (2441, TRUE, TIMESTAMP '2018-12-12 16:41:23.432', 25, NULL),
  (2442, FALSE, NULL, 25, NULL),
  (2443, FALSE, NULL, 25, NULL),
  (2444, TRUE, TIMESTAMP '2018-01-26 16:41:23.448', 25, NULL),
  (2445, TRUE, TIMESTAMP '2018-05-11 16:41:23.479', 25, NULL),
  (2446, TRUE, TIMESTAMP '2018-07-17 16:41:23.479', 25, NULL),
  (2447, FALSE, NULL, 25, NULL),
  (2448, FALSE, NULL, 25, NULL),
  (2449, FALSE, NULL, 25, NULL),
  (2450, FALSE, NULL, 25, NULL),
  (2451, FALSE, NULL, 25, NULL),
  (2452, FALSE, NULL, 25, NULL),
  (2453, FALSE, NULL, 25, NULL),
  (2454, FALSE, NULL, 25, NULL),
  (2455, TRUE, TIMESTAMP '2018-04-26 16:41:23.542', 25, NULL),
  (2456, FALSE, NULL, 25, NULL),
  (2457, TRUE, TIMESTAMP '2018-01-31 16:41:23.595', 25, NULL),
  (2458, FALSE, NULL, 25, NULL),
  (2459, FALSE, NULL, 25, NULL),
  (2460, TRUE, TIMESTAMP '2018-12-12 16:41:23.611', 25, NULL),
  (2461, TRUE, TIMESTAMP '2018-06-25 16:41:23.614', 25, NULL),
  (2462, TRUE, TIMESTAMP '2018-06-19 16:41:23.614', 25, NULL),
  (2463, TRUE, TIMESTAMP '2018-09-11 16:41:23.614', 25, NULL),
  (2464, TRUE, TIMESTAMP '2018-03-04 16:41:23.614', 25, NULL),
  (2465, FALSE, NULL, 25, NULL),
  (2466, FALSE, NULL, 25, NULL),
  (2467, TRUE, TIMESTAMP '2018-07-30 16:41:23.66', 25, NULL),
  (2468, FALSE, NULL, 25, NULL),
  (2469, TRUE, TIMESTAMP '2018-09-02 16:41:23.66', 25, NULL),
  (2470, TRUE, TIMESTAMP '2018-01-11 16:41:23.66', 25, NULL),
  (2471, TRUE, TIMESTAMP '2018-12-23 16:41:23.66', 25, NULL),
  (2472, FALSE, NULL, 25, NULL),
  (2473, TRUE, TIMESTAMP '2018-01-29 16:41:23.707', 25, NULL),
  (2474, FALSE, NULL, 25, NULL),
  (2475, TRUE, TIMESTAMP '2018-09-10 16:41:23.707', 25, NULL),
  (2476, TRUE, TIMESTAMP '2018-12-21 16:41:23.707', 25, NULL),
  (2477, FALSE, NULL, 25, NULL),
  (2478, FALSE, NULL, 25, NULL),
  (2479, FALSE, NULL, 25, NULL),
  (2480, TRUE, TIMESTAMP '2018-05-03 16:41:23.754', 25, NULL),
  (2481, FALSE, NULL, 25, NULL),
  (2482, FALSE, NULL, 25, NULL),
  (2483, FALSE, NULL, 25, NULL),
  (2484, TRUE, TIMESTAMP '2018-11-15 16:41:23.785', 25, NULL),
  (2485, FALSE, NULL, 25, NULL),
  (2486, TRUE, TIMESTAMP '2018-07-11 16:41:23.801', 25, NULL),
  (2487, TRUE, TIMESTAMP '2018-12-05 16:41:23.801', 25, NULL),
  (2488, TRUE, TIMESTAMP '2018-11-18 16:41:23.801', 25, NULL),
  (2489, TRUE, TIMESTAMP '2018-11-17 16:41:23.832', 25, NULL),
  (2490, FALSE, NULL, 25, NULL),
  (2491, FALSE, NULL, 25, NULL),
  (2492, FALSE, NULL, 25, NULL),
  (2493, TRUE, TIMESTAMP '2018-04-15 16:41:23.848', 25, NULL),
  (2494, TRUE, TIMESTAMP '2018-08-07 16:41:23.848', 25, NULL),
  (2495, TRUE, TIMESTAMP '2018-12-28 16:41:23.848', 25, NULL),
  (2496, FALSE, NULL, 25, NULL),
  (2497, FALSE, NULL, 25, NULL),
  (2498, TRUE, TIMESTAMP '2018-05-03 16:41:23.912', 25, NULL),
  (2499, FALSE, NULL, 25, NULL),
  (2500, FALSE, NULL, 25, NULL);
ALTER TABLE PUBLIC.USERS
  ADD CONSTRAINT PUBLIC.CONSTRAINT_4D UNIQUE (USERNAME);
ALTER TABLE PUBLIC.SEAT
  ADD CONSTRAINT PUBLIC.FKTL6F3LSBPK36U074R6C9PO8PM FOREIGN KEY (SECTOR_ID) REFERENCES PUBLIC.SECTOR (ID) NOCHECK;
ALTER TABLE PUBLIC.PERFORMANCE
  ADD CONSTRAINT PUBLIC.FKGUS6NU3SL41CKXCHXPR49YXYV FOREIGN KEY (EVENT_ID) REFERENCES PUBLIC.EVENT (ID) NOCHECK;
ALTER TABLE PUBLIC.RESERVATION
  ADD CONSTRAINT PUBLIC.FK41V6UEO0HIRAN65W8Y1CTA2C2 FOREIGN KEY (CUSTOMER_ID) REFERENCES PUBLIC.CUSTOMER (ID) NOCHECK;
ALTER TABLE PUBLIC.SECTOR
  ADD CONSTRAINT PUBLIC.FK5NAGXSEY370LX6NMYTT020KXD FOREIGN KEY (HALL_ID) REFERENCES PUBLIC.HALL (ID) NOCHECK;
ALTER TABLE PUBLIC.EVENT_ARTISTS
  ADD CONSTRAINT PUBLIC.FK6LP5WKXBJ09JUQ8FL39CU8KHP FOREIGN KEY (EVENT_ID) REFERENCES PUBLIC.EVENT (ID) NOCHECK;
ALTER TABLE PUBLIC.AUTHORITIES
  ADD CONSTRAINT PUBLIC.CONSTRAINT_AB FOREIGN KEY (USERNAME) REFERENCES PUBLIC.USERS (USERNAME) NOCHECK;
ALTER TABLE PUBLIC.EVENT_ARTISTS
  ADD CONSTRAINT PUBLIC.FK6E9YV2EWJWT5B2XVXF3G4CE6A FOREIGN KEY (ARTISTS_ID) REFERENCES PUBLIC.ARTIST (ID) NOCHECK;
ALTER TABLE PUBLIC.SECTOR
  ADD CONSTRAINT PUBLIC.FKG1CBCISRBS3E49S954QL8LNML FOREIGN KEY (CATEGORY_ID) REFERENCES PUBLIC.SECTOR_CATEGORY (ID) NOCHECK;
ALTER TABLE PUBLIC.RESERVATION_SEATS
  ADD CONSTRAINT PUBLIC.FKNUDGXU516INE72MWXXOEU4CC6 FOREIGN KEY (RESERVATION_ID) REFERENCES PUBLIC.RESERVATION (ID) NOCHECK;
ALTER TABLE PUBLIC.RESERVATION_SEATS
  ADD CONSTRAINT PUBLIC.FK61C954CVM4E8RT38227X44XKP FOREIGN KEY (SEATS_ID) REFERENCES PUBLIC.SEAT (ID) NOCHECK;
ALTER TABLE PUBLIC.RESERVATION
  ADD CONSTRAINT PUBLIC.FKSMERQYYE39W16L921KOGFJ6CS FOREIGN KEY (PERFORMANCE_ID) REFERENCES PUBLIC.PERFORMANCE (ID) NOCHECK;
